appointment_id,patient_id,date,time,status,duration_min,revenue_php
1,52,2025-12-24,11:15,completed,28,200
2,181,2025-12-24,15:15,cancelled,33,0
3,162,2025-12-24,17:30,completed,7,300
4,114,2025-12-24,13:30,cancelled,24,0
5,98,2025-12-24,12:00,cancelled,28,0
6,134,2025-12-24,13:00,completed,8,450.0
7,57,2025-12-24,12:15,completed,35,400
8,192,2025-12-24,13:45,completed,38,450.0
9,20,2025-12-24,15:00,no_show,37,0
10,99,2025-12-24,14:45,completed,19,400
11,108,2025-12-24,14:00,completed,17,800
12,90,2025-12-24,10:30,completed,7,800
13,16,2025-12-24,16:00,completed,36,800
14,106,2025-12-24,11:00,completed,29,800
15,200,2025-12-24,8:30,completed,38,300
16,109,2025-12-24,14:15,no_show,40,0
17,73,2025-12-24,11:45,completed,39,300
18,19,2025-12-24,15:15,completed,40,720.0
19,147,2025-12-24,10:00,completed,18,300
20,197,2025-12-24,11:45,completed,13,200
21,3,2025-12-24,11:30,completed,13,800
22,47,2025-12-24,11:00,no_show,35,0
23,24,2025-12-24,14:15,completed,9,400
24,123,2025-12-24,15:30,no_show,38,0
25,50,2025-12-24,9:45,no_show,13,0
26,147,2025-12-24,14:30,cancelled,17,0
27,194,2025-12-24,11:15,cancelled,8,0
28,98,2025-12-24,17:45,completed,21,180.0
29,169,2025-12-24,9:30,no_show,17,0
30,166,2025-12-24,13:00,completed,12,180.0
31,46,2025-12-24,12:45,completed,29,300
32,115,2025-12-24,11:00,completed,5,1200
33,186,2025-12-24,9:45,completed,12,350
34,59,2025-12-24,15:45,completed,19,200
35,139,2025-12-24,8:45,completed,25,200
36,196,2025-12-24,14:30,completed,17,800
37,6,2025-12-24,14:45,completed,19,450.0
38,120,2025-12-24,12:45,cancelled,10,0
39,158,2025-12-24,17:15,no_show,14,0
40,55,2025-12-24,17:00,completed,12,500
41,175,2025-12-24,17:30,completed,40,500
42,144,2025-12-24,17:00,completed,25,1200
43,170,2025-12-24,17:00,completed,10,350
44,187,2025-12-24,8:15,cancelled,16,0
45,104,2025-12-24,8:30,completed,36,270.0
46,24,2025-12-24,13:00,completed,33,400
47,179,2025-12-24,16:15,completed,9,1200
48,49,2025-12-24,16:00,completed,32,300
49,59,2025-12-24,17:30,completed,39,400
50,152,2025-12-24,15:30,completed,37,800
51,170,2025-12-24,9:45,completed,16,400
52,39,2025-12-24,10:30,completed,27,400
53,155,2025-12-24,13:30,completed,20,350
54,79,2025-12-24,17:45,no_show,10,0
55,171,2025-12-24,15:15,cancelled,33,0
56,189,2025-12-24,11:30,cancelled,34,0
57,123,2025-12-24,14:45,completed,9,350
58,54,2025-12-24,11:45,completed,8,180.0
59,129,2025-12-24,12:45,completed,34,1200
60,172,2025-12-24,15:45,completed,5,1200
61,27,2025-12-24,13:15,completed,34,300
62,95,2025-12-24,15:15,completed,17,1200
63,52,2025-12-24,14:15,completed,17,720.0
64,1,2025-12-24,10:15,completed,16,200
65,172,2025-12-24,11:30,completed,39,200
66,147,2025-12-25,17:30,completed,7,400
67,87,2025-12-25,9:00,completed,5,350
68,81,2025-12-25,13:15,completed,23,1200
69,87,2025-12-25,14:15,completed,38,350
70,100,2025-12-25,17:00,completed,31,450.0
71,8,2025-12-25,14:30,completed,24,200
72,3,2025-12-25,9:45,completed,34,200
73,136,2025-12-25,8:45,completed,38,400
74,4,2025-12-25,13:30,no_show,22,0
75,63,2025-12-25,9:15,completed,11,200
76,68,2025-12-25,10:45,cancelled,26,0
77,123,2025-12-25,9:15,completed,17,300
78,171,2025-12-25,17:15,completed,40,800
79,123,2025-12-25,9:30,completed,38,500
80,192,2025-12-25,12:00,cancelled,29,0
81,2,2025-12-25,11:00,completed,31,360.0
82,143,2025-12-25,9:30,completed,12,200
83,159,2025-12-25,10:45,completed,17,350
84,194,2025-12-25,9:45,completed,24,450.0
85,176,2025-12-25,8:15,completed,16,360.0
86,94,2025-12-25,13:45,completed,32,315.0
87,53,2025-12-25,17:00,completed,32,800
88,138,2025-12-25,11:30,completed,11,300
89,99,2025-12-25,16:15,completed,38,200
90,22,2025-12-25,10:15,completed,17,270.0
91,32,2025-12-25,9:15,completed,21,1200
92,190,2025-12-25,17:45,completed,30,450.0
93,185,2025-12-25,10:30,completed,33,180.0
94,20,2025-12-25,11:45,completed,23,350
95,105,2025-12-25,12:45,completed,30,350
96,141,2025-12-25,10:15,completed,32,800
97,25,2025-12-25,11:45,completed,11,400
98,165,2025-12-25,11:30,completed,20,720.0
99,102,2025-12-25,10:30,completed,19,500
100,89,2025-12-25,13:45,completed,34,270.0
101,82,2025-12-25,13:00,completed,36,1200
102,170,2025-12-25,12:45,completed,28,400
103,183,2025-12-25,10:45,cancelled,20,0
104,4,2025-12-25,10:30,completed,15,400
105,132,2025-12-25,10:30,completed,21,800
106,106,2025-12-25,17:15,completed,10,200
107,184,2025-12-25,10:30,cancelled,24,0
108,157,2025-12-25,15:45,cancelled,32,0
109,123,2025-12-25,15:15,completed,18,360.0
110,14,2025-12-25,12:00,completed,20,400
111,156,2025-12-25,16:15,no_show,18,0
112,19,2025-12-25,8:45,completed,31,200
113,153,2025-12-25,16:00,completed,24,400
114,151,2025-12-25,16:00,completed,14,400
115,141,2025-12-25,11:15,no_show,20,0
116,4,2025-12-25,12:45,completed,23,1200
117,93,2025-12-25,10:15,completed,24,200
118,151,2025-12-25,9:15,completed,6,500
119,111,2025-12-25,17:45,completed,30,500
120,174,2025-12-25,15:15,completed,27,500
121,188,2025-12-26,15:30,no_show,30,0
122,54,2025-12-26,13:45,completed,37,500
123,98,2025-12-26,17:15,completed,37,360.0
124,36,2025-12-26,14:00,no_show,16,0
125,161,2025-12-26,15:15,completed,31,350
126,59,2025-12-26,12:30,no_show,10,0
127,25,2025-12-26,13:15,completed,34,270.0
128,97,2025-12-26,9:45,no_show,13,0
129,131,2025-12-26,17:00,completed,39,1200
130,116,2025-12-26,11:15,no_show,12,0
131,117,2025-12-26,9:30,completed,31,300
132,29,2025-12-26,9:15,completed,15,1080.0
133,76,2025-12-26,14:30,completed,38,400
134,120,2025-12-26,13:30,completed,20,270.0
135,146,2025-12-26,12:00,completed,22,1080.0
136,7,2025-12-26,15:30,completed,28,300
137,2,2025-12-26,14:15,completed,9,400
138,91,2025-12-26,10:15,completed,6,350
139,130,2025-12-26,17:15,completed,26,1200
140,11,2025-12-26,15:00,completed,31,1200
141,22,2025-12-26,9:30,cancelled,37,0
142,11,2025-12-26,9:30,completed,38,800
143,172,2025-12-26,15:45,completed,29,200
144,161,2025-12-26,12:15,cancelled,11,0
145,59,2025-12-26,13:30,completed,23,360.0
146,21,2025-12-26,10:45,completed,33,1200
147,32,2025-12-26,17:00,completed,40,1200
148,23,2025-12-26,14:30,completed,37,720.0
149,14,2025-12-26,11:30,completed,37,800
150,12,2025-12-26,8:00,no_show,39,0
151,31,2025-12-26,12:30,completed,9,270.0
152,15,2025-12-26,10:30,completed,35,300
153,198,2025-12-26,16:45,completed,38,300
154,122,2025-12-26,17:45,completed,18,350
155,67,2025-12-26,17:30,completed,27,180.0
156,188,2025-12-26,9:15,completed,24,315.0
157,149,2025-12-26,15:15,completed,23,800
158,47,2025-12-26,12:00,completed,20,800
159,176,2025-12-26,11:45,completed,7,270.0
160,142,2025-12-26,15:00,completed,29,400
161,181,2025-12-26,12:00,completed,25,1200
162,59,2025-12-26,11:15,no_show,5,0
163,120,2025-12-26,11:00,completed,17,200
164,173,2025-12-26,14:45,completed,19,720.0
165,148,2025-12-26,15:00,completed,26,400
166,156,2025-12-26,14:45,cancelled,20,0
167,35,2025-12-26,10:45,completed,8,1200
168,146,2025-12-26,16:45,completed,28,360.0
169,28,2025-12-26,13:15,completed,10,1200
170,77,2025-12-26,16:00,completed,20,450.0
171,52,2025-12-26,12:45,completed,16,450.0
172,39,2025-12-26,8:30,completed,23,800
173,185,2025-12-26,14:15,completed,8,315.0
174,183,2025-12-26,15:00,completed,15,400
175,37,2025-12-26,13:45,no_show,18,0
176,46,2025-12-26,12:30,cancelled,23,0
177,127,2025-12-26,17:30,no_show,12,0
178,197,2025-12-27,17:45,completed,11,500
179,50,2025-12-27,9:45,completed,33,350
180,107,2025-12-27,13:45,completed,36,400
181,150,2025-12-27,9:15,cancelled,5,0
182,81,2025-12-27,11:30,completed,26,350
183,85,2025-12-27,14:00,no_show,17,0
184,109,2025-12-27,14:45,completed,8,450.0
185,88,2025-12-27,11:15,completed,31,1200
186,110,2025-12-27,14:00,completed,19,300
187,43,2025-12-27,14:00,completed,18,1080.0
188,61,2025-12-27,8:15,completed,40,360.0
189,10,2025-12-27,8:45,completed,28,180.0
190,128,2025-12-27,17:45,completed,13,315.0
191,98,2025-12-27,13:15,completed,5,315.0
192,186,2025-12-27,17:15,completed,25,360.0
193,189,2025-12-27,10:45,completed,14,1200
194,27,2025-12-27,8:15,completed,7,500
195,33,2025-12-27,11:45,completed,28,800
196,127,2025-12-27,11:30,completed,27,400
197,66,2025-12-27,17:15,no_show,13,0
198,83,2025-12-27,10:45,cancelled,9,0
199,183,2025-12-27,14:15,completed,35,300
200,135,2025-12-27,8:15,completed,38,800
201,172,2025-12-27,16:30,completed,39,500
202,40,2025-12-27,12:00,completed,25,400
203,103,2025-12-27,13:30,cancelled,17,0
204,113,2025-12-27,12:45,completed,16,1080.0
205,33,2025-12-27,16:00,completed,8,500
206,147,2025-12-27,9:45,completed,34,400
207,150,2025-12-27,15:30,completed,31,1200
208,135,2025-12-27,12:45,completed,9,1200
209,171,2025-12-27,17:00,completed,23,300
210,152,2025-12-27,15:45,no_show,31,0
211,157,2025-12-27,12:00,completed,39,300
212,170,2025-12-27,9:30,completed,5,720.0
213,76,2025-12-27,17:30,completed,30,350
214,135,2025-12-27,14:15,cancelled,9,0
215,12,2025-12-27,12:30,completed,30,400
216,148,2025-12-27,12:45,completed,21,400
217,167,2025-12-27,10:30,completed,10,450.0
218,2,2025-12-27,15:30,no_show,15,0
219,60,2025-12-27,17:30,completed,5,500
220,24,2025-12-27,13:15,cancelled,27,0
221,6,2025-12-27,10:15,completed,25,500
222,162,2025-12-27,17:00,completed,24,300
223,142,2025-12-27,11:15,completed,29,350
224,8,2025-12-27,14:45,cancelled,17,0
225,15,2025-12-27,8:30,no_show,27,0
226,20,2025-12-27,16:30,completed,18,1200
227,114,2025-12-27,15:00,completed,27,1080.0
228,96,2025-12-27,14:15,completed,20,720.0
229,137,2025-12-27,17:15,completed,25,270.0
230,53,2025-12-27,15:00,completed,38,1200
231,77,2025-12-27,11:15,cancelled,34,0
232,44,2025-12-27,14:15,completed,34,350
233,95,2025-12-27,14:45,completed,38,500
234,25,2025-12-27,15:30,completed,11,400
235,172,2025-12-27,17:45,completed,12,200
236,92,2025-12-27,12:30,completed,36,350
237,19,2025-12-27,15:15,completed,33,400
238,97,2025-12-27,11:45,completed,16,500
239,168,2025-12-27,15:15,completed,12,270.0
240,107,2025-12-27,17:15,completed,29,500
241,137,2025-12-28,8:45,completed,9,300
242,167,2025-12-28,15:45,completed,25,800
243,174,2025-12-28,13:00,completed,28,360.0
244,64,2025-12-28,10:45,completed,40,500
245,35,2025-12-28,17:30,no_show,17,0
246,99,2025-12-28,8:30,completed,12,200
247,163,2025-12-28,16:00,completed,30,800
248,190,2025-12-28,16:45,completed,15,450.0
249,166,2025-12-28,16:45,completed,30,1200
250,59,2025-12-28,15:15,no_show,9,0
251,132,2025-12-28,16:15,no_show,34,0
252,152,2025-12-28,17:15,completed,5,1200
253,186,2025-12-28,10:45,completed,20,500
254,186,2025-12-28,8:30,completed,8,1200
255,89,2025-12-28,17:00,completed,7,400
256,161,2025-12-28,14:30,completed,35,200
257,88,2025-12-28,13:45,completed,39,1200
258,197,2025-12-28,8:00,completed,18,800
259,27,2025-12-28,11:15,completed,12,500
260,170,2025-12-28,11:00,completed,12,800
261,8,2025-12-28,10:45,completed,22,800
262,115,2025-12-28,13:15,completed,35,315.0
263,74,2025-12-28,17:15,no_show,13,0
264,7,2025-12-28,11:00,completed,24,200
265,47,2025-12-28,17:15,completed,18,400
266,46,2025-12-28,10:30,completed,12,500
267,160,2025-12-28,8:15,completed,24,200
268,53,2025-12-28,13:45,completed,20,300
269,65,2025-12-28,11:15,completed,12,800
270,25,2025-12-28,9:15,completed,5,800
271,75,2025-12-28,10:15,completed,20,1200
272,160,2025-12-28,9:15,completed,26,720.0
273,98,2025-12-28,16:00,no_show,33,0
274,84,2025-12-28,11:00,completed,8,1200
275,41,2025-12-28,16:15,completed,31,1200
276,34,2025-12-28,12:00,completed,5,400
277,35,2025-12-28,14:15,completed,39,1200
278,129,2025-12-28,13:30,completed,25,300
279,101,2025-12-28,8:15,completed,16,1200
280,86,2025-12-28,9:30,completed,35,450.0
281,67,2025-12-28,9:45,no_show,31,0
282,35,2025-12-28,16:45,no_show,25,0
283,28,2025-12-28,12:00,completed,26,800
284,20,2025-12-28,10:30,no_show,21,0
285,68,2025-12-28,17:15,completed,22,400
286,128,2025-12-28,16:00,cancelled,27,0
287,123,2025-12-28,13:00,completed,5,500
288,86,2025-12-28,13:45,completed,33,200
289,26,2025-12-28,11:45,completed,24,360.0
290,69,2025-12-28,13:30,cancelled,21,0
291,180,2025-12-28,10:15,completed,29,1200
292,15,2025-12-28,17:30,completed,35,500
293,34,2025-12-28,14:45,completed,21,800
294,21,2025-12-28,9:30,cancelled,29,0
295,82,2025-12-28,12:00,cancelled,29,0
296,57,2025-12-28,16:30,completed,6,800
297,192,2025-12-28,11:15,completed,33,350
298,173,2025-12-28,16:15,completed,32,350
299,148,2025-12-28,10:15,completed,18,720.0
300,98,2025-12-28,11:45,completed,9,200
301,169,2025-12-28,11:15,completed,27,500
302,12,2025-12-28,12:00,cancelled,38,0
303,83,2025-12-28,9:30,completed,27,200
304,127,2025-12-28,12:00,completed,17,1200
305,17,2025-12-28,10:30,completed,20,500
306,35,2025-12-28,13:00,completed,35,400
307,159,2025-12-28,13:45,completed,33,800
308,196,2025-12-28,9:30,completed,21,500
309,34,2025-12-28,14:15,completed,13,180.0
310,13,2025-12-28,13:45,no_show,5,0
311,78,2025-12-29,16:00,completed,13,200
312,9,2025-12-29,12:30,completed,35,1200
313,165,2025-12-29,17:15,completed,5,200
314,25,2025-12-29,13:15,completed,30,800
315,186,2025-12-29,12:30,completed,15,720.0
316,81,2025-12-29,8:45,completed,23,270.0
317,46,2025-12-29,10:15,cancelled,20,0
318,99,2025-12-29,14:15,completed,6,200
319,62,2025-12-29,9:45,completed,33,800
320,73,2025-12-29,15:45,completed,24,400
321,21,2025-12-29,9:15,completed,15,350
322,12,2025-12-29,8:30,completed,35,180.0
323,144,2025-12-29,11:15,completed,8,720.0
324,41,2025-12-29,13:15,completed,15,500
325,93,2025-12-29,11:45,no_show,10,0
326,5,2025-12-29,14:15,completed,39,400
327,61,2025-12-29,14:45,completed,38,300
328,71,2025-12-29,9:45,completed,20,450.0
329,52,2025-12-29,11:30,no_show,9,0
330,39,2025-12-29,15:00,completed,6,800
331,189,2025-12-29,11:30,completed,22,200
332,187,2025-12-29,9:15,completed,30,800
333,107,2025-12-29,12:15,completed,34,450.0
334,193,2025-12-29,12:15,completed,24,300
335,120,2025-12-29,16:30,completed,34,800
336,154,2025-12-29,9:00,completed,17,270.0
337,137,2025-12-29,16:00,completed,33,400
338,59,2025-12-29,8:30,completed,17,300
339,149,2025-12-29,8:15,cancelled,7,0
340,28,2025-12-29,14:45,completed,31,500
341,139,2025-12-29,11:15,completed,31,800
342,10,2025-12-29,11:45,completed,33,800
343,171,2025-12-29,17:15,completed,16,1200
344,53,2025-12-29,13:15,completed,29,1080.0
345,144,2025-12-29,12:30,completed,16,350
346,59,2025-12-29,11:45,completed,26,400
347,96,2025-12-29,16:00,completed,15,800
348,106,2025-12-29,16:30,completed,21,450.0
349,44,2025-12-29,8:45,no_show,24,0
350,37,2025-12-29,15:00,completed,34,300
351,75,2025-12-29,13:15,completed,8,1200
352,123,2025-12-29,12:30,completed,7,400
353,48,2025-12-29,10:15,completed,7,300
354,74,2025-12-29,13:45,completed,38,270.0
355,153,2025-12-29,8:45,completed,9,300
356,99,2025-12-30,16:00,no_show,6,0
357,49,2025-12-30,12:30,cancelled,27,0
358,1,2025-12-30,8:30,completed,32,1200
359,40,2025-12-30,16:00,no_show,37,0
360,99,2025-12-30,15:15,completed,17,720.0
361,22,2025-12-30,13:45,completed,26,360.0
362,198,2025-12-30,10:45,completed,33,1200
363,19,2025-12-30,8:15,completed,26,315.0
364,165,2025-12-30,8:30,completed,17,400
365,64,2025-12-30,8:30,completed,11,360.0
366,58,2025-12-30,9:00,completed,15,1080.0
367,135,2025-12-30,9:30,cancelled,10,0
368,183,2025-12-30,8:45,completed,24,350
369,45,2025-12-30,11:00,no_show,12,0
370,14,2025-12-30,8:45,completed,9,500
371,60,2025-12-30,11:30,no_show,38,0
372,77,2025-12-30,11:45,completed,39,500
373,180,2025-12-30,10:00,no_show,12,0
374,123,2025-12-30,9:30,completed,13,360.0
375,68,2025-12-30,9:00,no_show,7,0
376,195,2025-12-30,13:15,cancelled,31,0
377,90,2025-12-30,13:00,completed,21,350
378,46,2025-12-30,13:45,no_show,11,0
379,172,2025-12-30,8:45,cancelled,10,0
380,14,2025-12-30,16:15,completed,11,300
381,114,2025-12-30,17:45,completed,36,350
382,189,2025-12-30,13:30,completed,33,500
383,29,2025-12-30,12:00,completed,27,350
384,53,2025-12-30,13:45,completed,10,300
385,59,2025-12-30,16:45,completed,8,300
386,181,2025-12-30,10:00,completed,17,500
387,165,2025-12-30,15:45,no_show,23,0
388,78,2025-12-30,12:15,cancelled,29,0
389,67,2025-12-30,13:00,completed,28,315.0
390,2,2025-12-30,17:45,completed,30,450.0
391,149,2025-12-30,8:00,completed,39,200
392,23,2025-12-30,13:30,completed,30,800
393,195,2025-12-30,15:45,completed,24,1200
394,67,2025-12-30,13:15,completed,36,350
395,79,2025-12-30,15:00,completed,32,200
396,44,2025-12-30,16:15,cancelled,12,0
397,167,2025-12-30,11:15,completed,29,360.0
398,123,2025-12-30,16:30,completed,35,315.0
399,15,2025-12-30,12:45,completed,16,180.0
400,168,2025-12-30,17:30,completed,22,300
401,6,2025-12-30,17:00,completed,7,400
402,92,2025-12-30,14:15,no_show,22,0
403,171,2025-12-30,10:15,completed,24,800
404,198,2025-12-30,14:45,completed,6,720.0
405,1,2025-12-30,8:00,no_show,32,0
406,80,2025-12-30,10:15,no_show,6,0
407,184,2025-12-30,13:00,completed,19,1080.0
408,87,2025-12-30,10:00,completed,25,200
409,155,2025-12-30,15:30,no_show,38,0
410,135,2025-12-30,11:30,completed,38,800
411,126,2025-12-30,11:15,completed,36,350
412,165,2025-12-30,13:45,completed,12,400
413,144,2025-12-30,13:45,no_show,36,0
414,151,2025-12-30,12:00,completed,37,350
415,7,2025-12-30,9:15,completed,28,1200
416,73,2025-12-30,8:30,completed,32,1200
417,8,2025-12-30,12:30,no_show,39,0
418,194,2025-12-30,15:45,completed,25,800
419,66,2025-12-30,16:15,cancelled,22,0
420,92,2025-12-30,15:45,completed,23,500
421,176,2025-12-30,9:30,completed,11,500
422,199,2025-12-30,10:45,completed,38,800
423,194,2025-12-30,14:00,completed,31,1200
424,32,2025-12-30,10:00,completed,37,400
425,33,2025-12-30,9:15,completed,13,360.0
426,35,2025-12-30,9:15,completed,7,350
427,121,2025-12-30,15:30,completed,34,350
428,192,2025-12-30,16:00,completed,39,180.0
429,138,2025-12-30,16:30,completed,37,350
430,186,2025-12-30,16:30,completed,19,200
431,171,2025-12-30,15:00,completed,20,1200
432,86,2025-12-30,10:30,completed,24,400
433,5,2025-12-30,10:30,no_show,39,0
434,146,2025-12-30,9:45,completed,27,500
435,20,2025-12-31,13:15,completed,21,270.0
436,147,2025-12-31,8:00,completed,18,300
437,63,2025-12-31,15:00,cancelled,24,0
438,42,2025-12-31,17:00,completed,27,400
439,76,2025-12-31,13:15,completed,26,360.0
440,137,2025-12-31,11:45,no_show,14,0
441,98,2025-12-31,8:15,completed,28,1200
442,155,2025-12-31,9:45,completed,25,270.0
443,88,2025-12-31,11:00,completed,22,300
444,135,2025-12-31,8:00,completed,40,315.0
445,200,2025-12-31,10:30,completed,5,800
446,139,2025-12-31,8:30,completed,31,450.0
447,30,2025-12-31,14:30,completed,36,270.0
448,69,2025-12-31,9:00,completed,12,180.0
449,9,2025-12-31,17:45,completed,35,400
450,40,2025-12-31,14:45,completed,8,720.0
451,195,2025-12-31,14:45,completed,22,270.0
452,168,2025-12-31,15:15,completed,12,300
453,163,2025-12-31,16:45,completed,5,720.0
454,119,2025-12-31,10:00,completed,28,720.0
455,45,2025-12-31,10:45,completed,29,350
456,10,2025-12-31,16:45,completed,18,400
457,183,2025-12-31,14:15,completed,31,350
458,158,2025-12-31,14:45,completed,33,800
459,117,2025-12-31,14:30,completed,20,500
460,113,2025-12-31,8:15,no_show,39,0
461,75,2025-12-31,9:00,completed,28,400
462,97,2025-12-31,16:00,completed,39,300
463,136,2025-12-31,11:00,completed,11,500
464,121,2025-12-31,9:45,completed,25,300
465,168,2025-12-31,12:30,completed,27,450.0
466,187,2025-12-31,16:45,cancelled,11,0
467,16,2025-12-31,14:45,completed,40,500
468,15,2025-12-31,15:30,completed,7,300
469,62,2025-12-31,8:30,completed,11,270.0
470,33,2025-12-31,8:00,completed,34,800
471,82,2025-12-31,14:30,completed,28,400
472,44,2025-12-31,12:15,completed,10,800
473,51,2025-12-31,12:45,cancelled,39,0
474,131,2025-12-31,16:00,completed,21,500
475,123,2025-12-31,12:15,completed,13,1080.0
476,55,2025-12-31,10:00,completed,9,300
477,136,2025-12-31,10:15,completed,11,350
478,160,2025-12-31,8:30,no_show,29,0
479,72,2025-12-31,9:15,completed,40,350
480,174,2025-12-31,15:45,completed,28,400
481,166,2025-12-31,16:00,completed,17,1200
482,148,2025-12-31,8:45,completed,27,200
483,125,2025-12-31,16:30,completed,21,270.0
484,127,2025-12-31,9:00,completed,18,270.0
485,28,2025-12-31,8:00,completed,8,350
486,157,2025-12-31,11:00,completed,13,300
487,123,2025-12-31,10:00,completed,10,200
488,194,2025-12-31,11:30,completed,30,800
489,68,2025-12-31,17:45,completed,34,200
490,105,2026-01-01,9:15,no_show,33,0
491,157,2026-01-01,9:30,completed,23,720.0
492,13,2026-01-01,9:15,no_show,11,0
493,154,2026-01-01,15:30,completed,38,1200
494,192,2026-01-01,11:30,no_show,34,0
495,30,2026-01-01,16:45,completed,16,800
496,153,2026-01-01,8:45,no_show,32,0
497,5,2026-01-01,8:45,completed,5,200
498,138,2026-01-01,17:45,completed,40,350
499,40,2026-01-01,8:30,completed,8,720.0
500,23,2026-01-01,8:00,cancelled,12,0
501,3,2026-01-01,16:30,completed,20,350
502,63,2026-01-01,14:00,completed,6,180.0
503,143,2026-01-01,9:15,completed,28,350
504,181,2026-01-01,13:45,completed,13,350
505,95,2026-01-01,16:15,completed,37,360.0
506,153,2026-01-01,14:15,completed,25,800
507,110,2026-01-01,13:45,completed,40,350
508,75,2026-01-01,14:30,completed,28,500
509,26,2026-01-01,17:30,completed,33,200
510,137,2026-01-01,16:15,completed,24,800
511,173,2026-01-01,10:30,completed,9,300
512,72,2026-01-01,14:00,completed,15,200
513,105,2026-01-01,8:45,completed,32,500
514,154,2026-01-01,15:45,completed,31,400
515,19,2026-01-01,15:45,completed,5,315.0
516,8,2026-01-01,8:00,completed,5,720.0
517,98,2026-01-01,17:15,completed,10,300
518,197,2026-01-01,8:30,completed,28,500
519,10,2026-01-01,11:15,completed,5,200
520,104,2026-01-01,15:45,completed,9,270.0
521,99,2026-01-01,17:00,completed,32,360.0
522,195,2026-01-01,15:15,completed,14,350
523,30,2026-01-01,12:15,no_show,10,0
524,45,2026-01-01,9:15,completed,13,270.0
525,62,2026-01-01,12:15,completed,18,1080.0
526,127,2026-01-01,15:30,cancelled,20,0
527,68,2026-01-01,11:45,cancelled,9,0
528,182,2026-01-01,9:15,completed,33,360.0
529,189,2026-01-01,11:30,completed,18,1080.0
530,27,2026-01-01,10:15,no_show,31,0
531,18,2026-01-01,17:45,completed,11,500
532,65,2026-01-01,16:00,completed,29,800
533,71,2026-01-01,8:45,completed,36,400
534,24,2026-01-01,11:45,completed,30,300
535,167,2026-01-01,9:00,completed,15,400
536,105,2026-01-01,16:45,completed,38,500
537,24,2026-01-01,12:15,completed,33,180.0
538,141,2026-01-01,11:00,completed,34,1080.0
539,67,2026-01-01,8:30,completed,33,300
540,187,2026-01-01,8:45,completed,32,500
541,114,2026-01-01,16:15,completed,10,720.0
542,158,2026-01-01,14:00,completed,29,350
543,100,2026-01-01,10:45,completed,13,1200
544,179,2026-01-01,12:00,completed,8,350
545,15,2026-01-01,13:45,completed,32,1080.0
546,71,2026-01-01,11:00,completed,13,1080.0
547,52,2026-01-02,11:30,completed,16,350
548,178,2026-01-02,10:15,no_show,39,0
549,107,2026-01-02,8:15,completed,19,200
550,191,2026-01-02,8:45,cancelled,22,0
551,17,2026-01-02,15:00,completed,26,200
552,91,2026-01-02,14:30,completed,15,180.0
553,160,2026-01-02,14:00,completed,7,270.0
554,56,2026-01-02,11:15,completed,14,1080.0
555,77,2026-01-02,10:15,completed,24,800
556,4,2026-01-02,10:15,completed,21,500
557,163,2026-01-02,14:45,completed,22,315.0
558,62,2026-01-02,14:30,completed,9,180.0
559,13,2026-01-02,10:15,completed,8,350
560,61,2026-01-02,10:15,completed,15,1200
561,13,2026-01-02,10:15,no_show,13,0
562,70,2026-01-02,16:00,cancelled,32,0
563,103,2026-01-02,13:45,completed,31,200
564,15,2026-01-02,14:00,completed,24,300
565,51,2026-01-02,9:00,completed,37,350
566,129,2026-01-02,15:00,completed,33,400
567,50,2026-01-02,8:15,completed,38,500
568,167,2026-01-02,11:30,completed,8,1200
569,31,2026-01-02,11:30,completed,37,200
570,18,2026-01-02,17:00,completed,22,1200
571,27,2026-01-02,11:15,cancelled,6,0
572,46,2026-01-02,11:00,completed,38,1200
573,107,2026-01-02,11:00,completed,8,200
574,119,2026-01-02,9:15,completed,8,800
575,108,2026-01-02,8:15,completed,23,800
576,98,2026-01-02,11:45,cancelled,34,0
577,172,2026-01-02,17:15,completed,39,350
578,17,2026-01-02,9:00,completed,27,800
579,42,2026-01-02,14:30,completed,9,400
580,66,2026-01-02,15:30,completed,5,500
581,50,2026-01-02,14:15,completed,10,1200
582,173,2026-01-02,9:00,completed,31,800
583,156,2026-01-02,14:30,cancelled,20,0
584,81,2026-01-02,9:00,completed,13,360.0
585,62,2026-01-02,13:30,completed,35,400
586,21,2026-01-02,13:15,no_show,28,0
587,136,2026-01-02,9:45,completed,32,1200
588,136,2026-01-02,9:00,completed,15,270.0
589,43,2026-01-02,11:15,completed,30,1200
590,148,2026-01-02,17:45,completed,35,315.0
591,190,2026-01-02,8:45,completed,39,350
592,28,2026-01-02,11:30,completed,13,1080.0
593,124,2026-01-02,13:00,completed,10,800
594,189,2026-01-02,15:45,no_show,19,0
595,64,2026-01-02,8:30,no_show,35,0
596,155,2026-01-02,9:15,completed,27,200
597,198,2026-01-02,14:15,completed,34,450.0
598,26,2026-01-02,12:45,completed,9,350
599,70,2026-01-02,9:45,cancelled,20,0
600,37,2026-01-02,16:00,completed,38,350
601,182,2026-01-02,16:30,completed,37,720.0
602,139,2026-01-02,17:00,completed,10,400
603,39,2026-01-02,16:30,completed,33,1200
604,107,2026-01-02,8:30,no_show,36,0
605,110,2026-01-02,11:00,completed,10,800
606,56,2026-01-02,8:15,completed,35,180.0
607,137,2026-01-02,15:45,completed,11,350
608,12,2026-01-02,8:45,completed,7,1200
609,60,2026-01-02,8:30,completed,33,1200
610,21,2026-01-02,9:00,no_show,19,0
611,79,2026-01-02,14:45,completed,18,720.0
612,58,2026-01-02,16:00,completed,9,400
613,148,2026-01-02,14:30,completed,15,1200
614,138,2026-01-02,16:45,completed,26,200
615,156,2026-01-02,13:15,no_show,30,0
616,61,2026-01-02,8:30,completed,9,350
617,65,2026-01-02,12:30,completed,38,800
618,192,2026-01-02,12:30,completed,18,300
619,142,2026-01-02,13:00,completed,9,350
620,63,2026-01-02,12:15,completed,6,300
621,7,2026-01-02,10:15,completed,32,350
622,199,2026-01-02,10:45,completed,10,350
623,173,2026-01-02,11:15,completed,34,200
624,149,2026-01-03,12:15,completed,11,400
625,165,2026-01-03,11:45,cancelled,28,0
626,179,2026-01-03,10:45,completed,25,800
627,122,2026-01-03,11:00,completed,40,270.0
628,14,2026-01-03,14:45,completed,36,300
629,82,2026-01-03,17:15,completed,20,360.0
630,159,2026-01-03,16:30,completed,35,300
631,85,2026-01-03,17:30,completed,7,315.0
632,1,2026-01-03,10:45,completed,29,300
633,149,2026-01-03,12:15,completed,23,450.0
634,93,2026-01-03,12:00,completed,38,500
635,69,2026-01-03,10:30,completed,22,180.0
636,106,2026-01-03,14:00,completed,40,500
637,95,2026-01-03,12:00,completed,25,1200
638,72,2026-01-03,9:45,no_show,24,0
639,56,2026-01-03,15:00,completed,36,400
640,120,2026-01-03,8:30,completed,36,1200
641,133,2026-01-03,11:45,completed,30,315.0
642,34,2026-01-03,12:00,no_show,36,0
643,176,2026-01-03,17:15,completed,33,400
644,21,2026-01-03,15:45,completed,15,300
645,36,2026-01-03,16:00,cancelled,24,0
646,145,2026-01-03,8:00,completed,19,400
647,190,2026-01-03,8:45,completed,33,270.0
648,59,2026-01-03,10:15,completed,36,400
649,54,2026-01-03,11:30,completed,29,360.0
650,137,2026-01-03,11:15,completed,38,300
651,154,2026-01-03,8:45,completed,34,360.0
652,45,2026-01-03,10:15,no_show,21,0
653,169,2026-01-03,17:30,completed,10,180.0
654,15,2026-01-03,15:15,completed,9,720.0
655,197,2026-01-03,12:45,completed,36,800
656,13,2026-01-03,8:30,completed,5,500
657,38,2026-01-03,16:15,no_show,18,0
658,106,2026-01-03,8:15,completed,26,300
659,21,2026-01-03,17:00,completed,15,1200
660,80,2026-01-03,15:15,completed,9,350
661,33,2026-01-03,9:30,no_show,12,0
662,151,2026-01-03,9:45,completed,30,350
663,191,2026-01-03,15:00,completed,9,500
664,88,2026-01-03,13:45,completed,27,500
665,4,2026-01-03,9:15,completed,30,500
666,60,2026-01-03,14:15,completed,25,800
667,114,2026-01-03,13:00,completed,15,180.0
668,91,2026-01-03,16:30,completed,30,1080.0
669,90,2026-01-03,8:00,cancelled,24,0
670,126,2026-01-03,16:00,completed,23,1200
671,28,2026-01-03,11:30,completed,10,450.0
672,13,2026-01-03,16:45,completed,16,1080.0
673,104,2026-01-03,15:45,completed,11,400
674,14,2026-01-03,12:30,completed,28,500
675,198,2026-01-03,16:00,completed,13,1200
676,184,2026-01-03,12:30,completed,38,300
677,80,2026-01-03,16:15,completed,10,200
678,42,2026-01-03,16:30,no_show,40,0
679,186,2026-01-03,10:45,completed,30,400
680,94,2026-01-03,13:15,no_show,16,0
681,197,2026-01-03,8:30,completed,28,500
682,39,2026-01-03,14:30,completed,10,315.0
683,153,2026-01-03,17:30,completed,34,500
684,153,2026-01-03,13:30,completed,13,360.0
685,103,2026-01-03,14:00,completed,26,350
686,114,2026-01-03,16:45,completed,10,315.0
687,94,2026-01-03,13:30,completed,15,400
688,8,2026-01-03,11:30,completed,37,400
689,63,2026-01-03,10:45,completed,18,350
690,90,2026-01-03,11:00,completed,10,200
691,19,2026-01-04,9:30,completed,24,400
692,10,2026-01-04,9:15,completed,24,350
693,95,2026-01-04,8:00,completed,26,300
694,63,2026-01-04,10:15,completed,38,500
695,166,2026-01-04,17:15,completed,36,400
696,194,2026-01-04,17:30,completed,25,350
697,53,2026-01-04,14:00,cancelled,5,0
698,80,2026-01-04,8:15,completed,17,270.0
699,6,2026-01-04,16:15,completed,28,400
700,85,2026-01-04,16:00,cancelled,38,0
701,38,2026-01-04,15:30,completed,8,800
702,77,2026-01-04,17:30,completed,14,720.0
703,33,2026-01-04,16:15,completed,31,350
704,104,2026-01-04,13:15,completed,25,200
705,196,2026-01-04,10:00,completed,8,1200
706,73,2026-01-04,10:45,completed,38,1200
707,75,2026-01-04,17:45,completed,27,500
708,134,2026-01-04,16:15,completed,23,350
709,28,2026-01-04,13:15,completed,5,450.0
710,162,2026-01-04,14:15,completed,38,270.0
711,169,2026-01-04,12:30,completed,16,800
712,38,2026-01-04,15:30,completed,12,200
713,84,2026-01-04,16:30,completed,11,270.0
714,72,2026-01-04,14:30,completed,19,200
715,134,2026-01-04,13:00,no_show,35,0
716,70,2026-01-04,17:45,no_show,16,0
717,194,2026-01-04,15:00,completed,27,500
718,90,2026-01-04,9:15,cancelled,37,0
719,94,2026-01-04,16:15,completed,36,800
720,168,2026-01-04,17:45,completed,32,500
721,191,2026-01-04,14:30,no_show,28,0
722,44,2026-01-04,15:15,completed,31,200
723,31,2026-01-04,15:00,completed,29,1200
724,168,2026-01-04,8:30,completed,15,300
725,181,2026-01-04,8:45,completed,27,270.0
726,33,2026-01-04,16:45,completed,15,500
727,11,2026-01-04,12:15,completed,20,360.0
728,25,2026-01-04,12:15,completed,30,400
729,83,2026-01-04,8:45,completed,5,800
730,67,2026-01-04,16:00,completed,35,400
731,25,2026-01-04,15:15,completed,36,500
732,149,2026-01-04,12:00,completed,5,1200
733,79,2026-01-04,10:30,completed,37,1080.0
734,82,2026-01-04,12:45,completed,27,200
735,55,2026-01-04,11:30,no_show,29,0
736,143,2026-01-04,9:45,no_show,25,0
737,163,2026-01-04,12:30,cancelled,33,0
738,140,2026-01-04,16:15,completed,13,300
739,34,2026-01-04,8:15,completed,25,350
740,73,2026-01-04,10:45,completed,26,500
741,111,2026-01-04,8:15,completed,33,270.0
742,175,2026-01-04,16:00,completed,31,800
743,180,2026-01-04,10:30,completed,11,200
744,164,2026-01-04,11:45,completed,23,800
745,104,2026-01-04,14:45,completed,40,1080.0
746,196,2026-01-04,13:15,completed,7,350
747,119,2026-01-04,11:30,cancelled,25,0
748,26,2026-01-04,12:15,completed,15,300
749,178,2026-01-04,15:15,completed,10,1200
750,66,2026-01-04,10:15,completed,16,1200
751,21,2026-01-04,8:15,completed,25,400
752,166,2026-01-04,14:15,completed,40,350
753,135,2026-01-04,10:00,completed,23,1200
754,25,2026-01-04,11:00,completed,29,200
755,68,2026-01-04,17:30,completed,40,400
756,67,2026-01-04,16:15,completed,6,270.0
757,149,2026-01-04,15:45,completed,15,400
758,80,2026-01-04,10:00,completed,31,270.0
759,97,2026-01-04,15:45,completed,27,270.0
760,53,2026-01-04,13:00,completed,26,200
761,145,2026-01-04,12:15,cancelled,22,0
762,38,2026-01-04,12:30,completed,32,315.0
763,170,2026-01-04,15:30,completed,37,400
764,166,2026-01-04,9:15,cancelled,23,0
765,60,2026-01-04,16:30,completed,19,200
766,5,2026-01-04,16:30,completed,32,400
767,175,2026-01-04,13:30,completed,28,1080.0
768,184,2026-01-05,10:30,completed,36,500
769,32,2026-01-05,9:15,completed,31,500
770,165,2026-01-05,16:30,completed,31,300
771,148,2026-01-05,12:30,cancelled,24,0
772,77,2026-01-05,13:00,completed,7,350
773,27,2026-01-05,16:30,completed,10,400
774,13,2026-01-05,14:15,no_show,30,0
775,148,2026-01-05,11:15,completed,37,200
776,54,2026-01-05,16:30,completed,34,270.0
777,82,2026-01-05,11:45,completed,39,300
778,140,2026-01-05,10:00,completed,18,200
779,70,2026-01-05,17:45,completed,30,200
780,126,2026-01-05,9:00,no_show,5,0
781,111,2026-01-05,17:30,no_show,12,0
782,35,2026-01-05,11:00,completed,11,500
783,108,2026-01-05,17:30,completed,11,200
784,109,2026-01-05,10:15,completed,36,270.0
785,153,2026-01-05,16:00,no_show,14,0
786,93,2026-01-05,14:30,completed,28,500
787,186,2026-01-05,15:45,completed,24,500
788,153,2026-01-05,11:00,completed,40,350
789,148,2026-01-05,14:30,completed,40,200
790,90,2026-01-05,12:00,completed,11,400
791,117,2026-01-05,17:00,completed,5,800
792,39,2026-01-05,14:15,completed,13,315.0
793,188,2026-01-05,14:15,cancelled,11,0
794,75,2026-01-05,15:15,completed,29,300
795,159,2026-01-05,15:00,no_show,22,0
796,54,2026-01-05,12:30,completed,10,1200
797,136,2026-01-05,16:15,completed,24,1200
798,13,2026-01-05,17:45,completed,31,315.0
799,69,2026-01-05,14:30,completed,12,200
800,157,2026-01-05,12:00,completed,29,200
801,15,2026-01-05,9:45,completed,26,450.0
802,133,2026-01-05,14:00,completed,11,1200
803,77,2026-01-05,15:45,completed,26,1200
804,139,2026-01-05,10:00,completed,13,1080.0
805,73,2026-01-05,14:45,cancelled,9,0
806,137,2026-01-05,12:15,completed,32,200
807,19,2026-01-05,8:15,completed,7,300
808,131,2026-01-05,14:15,cancelled,20,0
809,116,2026-01-05,16:45,no_show,19,0
810,115,2026-01-05,11:30,completed,7,1080.0
811,198,2026-01-05,16:15,completed,37,400
812,64,2026-01-05,15:15,completed,13,1080.0
813,82,2026-01-05,17:30,completed,37,500
814,48,2026-01-05,10:30,cancelled,12,0
815,27,2026-01-05,13:45,completed,15,400
816,116,2026-01-05,15:15,completed,21,1200
817,31,2026-01-05,17:45,no_show,35,0
818,163,2026-01-05,11:15,completed,26,315.0
819,72,2026-01-05,15:45,completed,28,315.0
820,97,2026-01-05,12:45,completed,22,200
821,177,2026-01-05,8:45,completed,26,200
822,141,2026-01-05,16:00,completed,40,200
823,197,2026-01-06,10:15,completed,28,450.0
824,187,2026-01-06,15:30,completed,34,800
825,21,2026-01-06,11:30,no_show,35,0
826,159,2026-01-06,11:45,completed,7,800
827,162,2026-01-06,8:00,completed,33,315.0
828,200,2026-01-06,17:45,no_show,5,0
829,134,2026-01-06,13:00,cancelled,20,0
830,90,2026-01-06,9:00,completed,39,180.0
831,102,2026-01-06,9:45,completed,31,1200
832,22,2026-01-06,14:30,no_show,5,0
833,109,2026-01-06,10:45,completed,6,400
834,9,2026-01-06,9:30,completed,24,1080.0
835,168,2026-01-06,12:15,completed,17,300
836,7,2026-01-06,11:15,completed,39,300
837,85,2026-01-06,9:45,completed,30,500
838,36,2026-01-06,9:45,no_show,27,0
839,128,2026-01-06,8:15,completed,20,1200
840,15,2026-01-06,13:15,completed,33,400
841,1,2026-01-06,13:45,completed,11,1200
842,43,2026-01-06,15:00,cancelled,24,0
843,48,2026-01-06,11:00,completed,17,400
844,119,2026-01-06,11:45,completed,28,450.0
845,28,2026-01-06,8:00,no_show,26,0
846,134,2026-01-06,12:30,completed,18,1200
847,149,2026-01-06,14:00,completed,14,315.0
848,128,2026-01-06,9:45,no_show,8,0
849,165,2026-01-06,8:45,completed,21,400
850,4,2026-01-06,12:00,no_show,21,0
851,12,2026-01-06,17:15,completed,37,180.0
852,121,2026-01-06,9:45,completed,5,1200
853,76,2026-01-06,9:45,completed,14,1080.0
854,17,2026-01-06,9:30,completed,31,300
855,152,2026-01-06,12:00,cancelled,26,0
856,81,2026-01-06,15:00,completed,29,400
857,130,2026-01-06,9:15,completed,7,200
858,57,2026-01-06,15:30,completed,18,360.0
859,196,2026-01-06,12:45,completed,38,315.0
860,110,2026-01-06,17:00,completed,39,720.0
861,19,2026-01-06,9:45,no_show,19,0
862,142,2026-01-06,14:00,completed,11,450.0
863,136,2026-01-06,11:00,cancelled,27,0
864,59,2026-01-06,11:30,completed,26,300
865,72,2026-01-06,8:15,completed,10,400
866,32,2026-01-06,12:45,no_show,9,0
867,133,2026-01-06,8:00,completed,37,300
868,36,2026-01-06,8:00,completed,36,200
869,192,2026-01-06,12:00,cancelled,8,0
870,9,2026-01-06,17:15,completed,35,1080.0
871,54,2026-01-06,16:30,completed,25,500
872,84,2026-01-06,10:30,completed,32,1080.0
873,94,2026-01-06,9:00,completed,29,800
874,165,2026-01-06,15:15,completed,13,200
875,150,2026-01-06,13:45,completed,21,300
876,193,2026-01-06,8:00,completed,6,1200
877,48,2026-01-06,12:30,no_show,34,0
878,75,2026-01-06,16:00,completed,5,1200
879,128,2026-01-06,8:00,cancelled,5,0
880,188,2026-01-06,16:30,completed,12,400
881,121,2026-01-06,16:00,completed,39,200
882,82,2026-01-06,8:45,completed,11,1200
883,95,2026-01-06,12:15,completed,38,800
884,54,2026-01-06,11:45,completed,7,200
885,165,2026-01-06,14:00,completed,12,800
886,191,2026-01-06,11:30,completed,32,200
887,28,2026-01-06,14:00,completed,8,1080.0
888,117,2026-01-06,15:00,completed,29,200
889,143,2026-01-06,15:15,completed,27,360.0
890,190,2026-01-06,8:15,no_show,30,0
891,35,2026-01-06,15:45,completed,31,1200
892,36,2026-01-06,17:45,completed,33,1200
893,44,2026-01-06,16:30,completed,25,1200
894,156,2026-01-06,9:30,completed,29,400
895,61,2026-01-06,15:45,no_show,36,0
896,173,2026-01-06,10:00,completed,10,1200
897,192,2026-01-07,11:30,completed,7,315.0
898,123,2026-01-07,12:45,completed,18,200
899,117,2026-01-07,11:15,completed,23,350
900,199,2026-01-07,13:15,completed,33,800
901,67,2026-01-07,8:30,completed,7,500
902,160,2026-01-07,17:30,completed,35,350
903,199,2026-01-07,13:30,cancelled,24,0
904,62,2026-01-07,17:45,no_show,36,0
905,166,2026-01-07,16:45,completed,8,1080.0
906,44,2026-01-07,13:30,no_show,10,0
907,49,2026-01-07,14:00,completed,20,450.0
908,75,2026-01-07,14:30,completed,23,720.0
909,184,2026-01-07,16:00,completed,30,300
910,107,2026-01-07,15:30,completed,10,200
911,133,2026-01-07,17:00,completed,28,300
912,119,2026-01-07,13:30,completed,30,350
913,163,2026-01-07,15:00,completed,6,1200
914,181,2026-01-07,12:45,completed,15,350
915,129,2026-01-07,10:00,completed,23,350
916,185,2026-01-07,15:30,completed,31,800
917,107,2026-01-07,17:30,cancelled,38,0
918,176,2026-01-07,10:45,completed,26,315.0
919,119,2026-01-07,15:30,completed,34,270.0
920,193,2026-01-07,14:15,completed,28,200
921,116,2026-01-07,13:45,completed,23,800
922,60,2026-01-07,9:15,no_show,36,0
923,121,2026-01-07,9:00,completed,5,500
924,36,2026-01-07,13:00,completed,5,800
925,132,2026-01-07,14:15,cancelled,30,0
926,3,2026-01-07,15:30,completed,24,360.0
927,168,2026-01-07,10:45,completed,8,300
928,152,2026-01-07,17:00,completed,11,800
929,83,2026-01-07,13:15,completed,38,350
930,126,2026-01-07,9:45,completed,7,1200
931,105,2026-01-07,10:45,completed,31,300
932,60,2026-01-07,12:00,completed,12,350
933,11,2026-01-07,17:30,completed,30,400
934,76,2026-01-07,10:00,completed,39,400
935,20,2026-01-07,8:45,completed,23,300
936,22,2026-01-07,15:45,cancelled,20,0
937,198,2026-01-07,8:15,completed,38,1080.0
938,10,2026-01-07,9:30,no_show,11,0
939,107,2026-01-07,14:30,completed,10,800
940,184,2026-01-07,11:15,completed,35,350
941,17,2026-01-07,15:00,completed,21,500
942,123,2026-01-07,15:30,completed,12,200
943,198,2026-01-07,12:30,completed,14,450.0
944,171,2026-01-07,15:30,no_show,10,0
945,126,2026-01-07,12:45,completed,10,350
946,88,2026-01-07,13:00,completed,26,450.0
947,149,2026-01-07,15:00,completed,18,800
948,156,2026-01-07,11:00,no_show,29,0
949,46,2026-01-07,12:30,completed,39,200
950,165,2026-01-07,12:30,completed,16,300
951,162,2026-01-07,9:00,completed,22,350
952,189,2026-01-07,10:45,completed,38,500
953,126,2026-01-07,12:00,completed,18,360.0
954,157,2026-01-07,12:30,completed,17,360.0
955,113,2026-01-07,8:00,completed,21,200
956,190,2026-01-07,9:15,completed,23,1200
957,192,2026-01-07,9:45,completed,32,500
958,25,2026-01-07,8:45,completed,6,350
959,14,2026-01-07,16:00,completed,25,720.0
960,158,2026-01-07,14:45,completed,12,500
961,134,2026-01-07,17:15,completed,14,300
962,12,2026-01-07,13:15,completed,35,180.0
963,190,2026-01-07,8:00,no_show,39,0
964,76,2026-01-07,9:45,completed,8,360.0
965,195,2026-01-07,16:30,completed,39,180.0
966,84,2026-01-07,14:30,completed,20,350
967,114,2026-01-07,16:30,completed,6,350
968,68,2026-01-07,15:45,no_show,24,0
969,55,2026-01-07,15:30,completed,18,200
970,95,2026-01-08,16:30,no_show,35,0
971,125,2026-01-08,8:30,completed,22,1200
972,136,2026-01-08,17:45,completed,14,360.0
973,79,2026-01-08,14:45,completed,36,500
974,62,2026-01-08,14:15,completed,13,1200
975,103,2026-01-08,14:00,completed,5,200
976,21,2026-01-08,8:30,completed,25,720.0
977,134,2026-01-08,10:00,completed,39,1080.0
978,168,2026-01-08,14:00,no_show,12,0
979,53,2026-01-08,10:15,completed,14,360.0
980,62,2026-01-08,15:15,completed,23,300
981,60,2026-01-08,13:45,completed,35,500
982,47,2026-01-08,17:30,completed,33,200
983,44,2026-01-08,17:30,completed,7,200
984,142,2026-01-08,15:00,no_show,18,0
985,112,2026-01-08,12:45,completed,33,180.0
986,136,2026-01-08,9:15,completed,27,315.0
987,179,2026-01-08,16:00,completed,20,400
988,172,2026-01-08,16:00,no_show,27,0
989,80,2026-01-08,9:30,completed,16,800
990,187,2026-01-08,10:00,completed,16,300
991,115,2026-01-08,11:45,completed,10,350
992,102,2026-01-08,8:15,completed,15,1080.0
993,102,2026-01-08,11:30,completed,21,720.0
994,72,2026-01-08,13:00,cancelled,30,0
995,177,2026-01-08,16:00,completed,28,1200
996,179,2026-01-08,9:30,completed,20,400
997,49,2026-01-08,11:00,completed,24,270.0
998,49,2026-01-08,11:15,completed,34,200
999,63,2026-01-08,11:00,cancelled,20,0
1000,33,2026-01-08,17:30,completed,29,270.0
1001,133,2026-01-08,13:30,no_show,26,0
1002,196,2026-01-08,15:30,completed,28,720.0
1003,84,2026-01-08,8:30,no_show,25,0
1004,179,2026-01-08,16:45,completed,36,800
1005,41,2026-01-08,15:15,cancelled,19,0
1006,152,2026-01-08,11:00,completed,25,350
1007,61,2026-01-08,9:15,completed,16,350
1008,28,2026-01-08,10:45,completed,25,400
1009,64,2026-01-08,17:00,completed,30,350
1010,124,2026-01-08,10:30,completed,8,500
1011,3,2026-01-08,12:15,completed,5,400
1012,64,2026-01-08,14:30,completed,38,400
1013,15,2026-01-09,15:15,completed,9,500
1014,67,2026-01-09,13:45,no_show,13,0
1015,111,2026-01-09,9:00,no_show,31,0
1016,76,2026-01-09,9:00,completed,32,400
1017,179,2026-01-09,8:00,cancelled,28,0
1018,22,2026-01-09,8:00,completed,21,200
1019,66,2026-01-09,16:15,cancelled,29,0
1020,134,2026-01-09,8:45,completed,8,1200
1021,194,2026-01-09,16:00,completed,5,360.0
1022,2,2026-01-09,8:30,no_show,24,0
1023,142,2026-01-09,16:15,completed,29,450.0
1024,161,2026-01-09,12:30,completed,11,1200
1025,123,2026-01-09,12:00,completed,18,720.0
1026,31,2026-01-09,15:00,completed,11,500
1027,135,2026-01-09,8:15,completed,35,300
1028,109,2026-01-09,12:15,completed,6,300
1029,9,2026-01-09,9:15,completed,33,300
1030,25,2026-01-09,13:45,completed,15,400
1031,56,2026-01-09,16:00,no_show,21,0
1032,34,2026-01-09,17:45,completed,34,200
1033,172,2026-01-09,16:15,completed,26,350
1034,26,2026-01-09,9:15,completed,14,1200
1035,48,2026-01-09,17:00,completed,23,800
1036,155,2026-01-09,13:45,completed,21,1200
1037,98,2026-01-09,8:30,completed,33,315.0
1038,5,2026-01-09,14:15,completed,24,350
1039,9,2026-01-09,10:15,completed,31,500
1040,102,2026-01-09,13:00,cancelled,27,0
1041,6,2026-01-09,11:45,completed,16,720.0
1042,134,2026-01-09,9:45,completed,35,1200
1043,101,2026-01-09,9:15,completed,6,200
1044,140,2026-01-09,13:00,completed,32,350
1045,101,2026-01-09,15:15,completed,26,350
1046,118,2026-01-09,14:45,completed,14,1080.0
1047,195,2026-01-09,10:30,cancelled,23,0
1048,126,2026-01-09,12:30,completed,35,800
1049,137,2026-01-09,12:00,completed,13,400
1050,104,2026-01-09,16:00,no_show,32,0
1051,2,2026-01-09,15:15,completed,32,1200
1052,1,2026-01-09,10:45,completed,10,200
1053,20,2026-01-09,14:30,completed,34,200
1054,191,2026-01-09,11:00,completed,18,315.0
1055,165,2026-01-09,15:15,cancelled,18,0
1056,105,2026-01-09,17:00,completed,6,400
1057,198,2026-01-09,10:00,completed,6,270.0
1058,14,2026-01-09,9:00,completed,36,800
1059,197,2026-01-09,13:00,completed,6,180.0
1060,13,2026-01-09,16:00,completed,26,500
1061,171,2026-01-09,12:45,no_show,25,0
1062,177,2026-01-09,14:15,completed,15,180.0
1063,149,2026-01-09,13:15,completed,8,1200
1064,138,2026-01-09,17:45,completed,23,315.0
1065,1,2026-01-09,16:00,completed,27,270.0
1066,184,2026-01-09,11:30,completed,31,200
1067,199,2026-01-09,15:15,completed,6,1080.0
1068,59,2026-01-09,13:00,completed,30,800
1069,20,2026-01-09,13:00,completed,12,800
1070,148,2026-01-09,16:00,completed,26,350
1071,168,2026-01-09,15:45,completed,33,1080.0
1072,74,2026-01-09,17:00,cancelled,40,0
1073,106,2026-01-10,17:00,no_show,32,0
1074,130,2026-01-10,17:15,cancelled,37,0
1075,185,2026-01-10,17:00,completed,31,300
1076,101,2026-01-10,12:00,completed,23,500
1077,42,2026-01-10,12:00,completed,20,400
1078,154,2026-01-10,14:30,no_show,39,0
1079,42,2026-01-10,14:30,completed,8,350
1080,69,2026-01-10,11:00,completed,14,200
1081,10,2026-01-10,15:00,completed,31,720.0
1082,54,2026-01-10,11:00,completed,12,500
1083,55,2026-01-10,15:45,cancelled,7,0
1084,61,2026-01-10,17:45,completed,18,500
1085,47,2026-01-10,14:15,completed,8,270.0
1086,91,2026-01-10,16:15,completed,8,300
1087,90,2026-01-10,13:15,completed,5,350
1088,182,2026-01-10,13:15,completed,23,350
1089,132,2026-01-10,14:30,no_show,36,0
1090,48,2026-01-10,8:15,completed,7,300
1091,148,2026-01-10,15:00,completed,7,500
1092,173,2026-01-10,12:00,completed,34,1200
1093,58,2026-01-10,17:45,no_show,19,0
1094,96,2026-01-10,13:15,completed,27,400
1095,182,2026-01-10,17:30,completed,39,300
1096,80,2026-01-10,15:15,cancelled,40,0
1097,121,2026-01-10,10:30,completed,33,500
1098,94,2026-01-10,14:30,completed,37,1080.0
1099,120,2026-01-10,13:45,completed,11,300
1100,121,2026-01-10,12:00,completed,15,800
1101,164,2026-01-10,12:00,completed,36,200
1102,128,2026-01-10,13:00,completed,37,500
1103,59,2026-01-10,17:30,completed,23,200
1104,53,2026-01-10,17:00,completed,18,1200
1105,184,2026-01-10,9:15,completed,17,350
1106,127,2026-01-10,9:45,no_show,40,0
1107,56,2026-01-10,12:30,completed,18,500
1108,62,2026-01-10,16:00,cancelled,35,0
1109,155,2026-01-10,12:00,completed,38,200
1110,137,2026-01-10,16:15,completed,21,270.0
1111,100,2026-01-10,16:45,cancelled,35,0
1112,191,2026-01-10,12:30,completed,21,400
1113,20,2026-01-10,12:30,completed,26,200
1114,133,2026-01-10,11:00,completed,9,300
1115,150,2026-01-10,15:30,completed,20,350
1116,117,2026-01-10,11:45,no_show,6,0
1117,193,2026-01-10,9:30,completed,23,400
1118,85,2026-01-10,10:15,completed,34,350
1119,139,2026-01-10,12:45,completed,22,720.0
1120,125,2026-01-10,15:00,completed,8,200
1121,39,2026-01-10,14:30,cancelled,9,0
1122,123,2026-01-10,8:15,no_show,11,0
1123,153,2026-01-10,11:15,completed,11,200
1124,90,2026-01-10,17:45,cancelled,34,0
1125,65,2026-01-10,15:45,completed,14,450.0
1126,191,2026-01-10,15:45,completed,9,200
1127,123,2026-01-10,11:00,completed,38,1200
1128,41,2026-01-10,9:45,completed,9,200
1129,93,2026-01-10,16:30,completed,24,400
1130,19,2026-01-10,8:30,completed,29,350
1131,162,2026-01-10,17:30,completed,6,270.0
1132,70,2026-01-10,11:00,completed,10,270.0
1133,6,2026-01-10,8:15,completed,28,500
1134,20,2026-01-10,13:00,completed,17,720.0
1135,124,2026-01-11,16:00,completed,38,500
1136,139,2026-01-11,16:45,completed,5,500
1137,46,2026-01-11,9:45,completed,30,500
1138,20,2026-01-11,9:45,completed,12,200
1139,53,2026-01-11,12:30,completed,28,500
1140,129,2026-01-11,9:15,completed,33,800
1141,151,2026-01-11,14:45,completed,32,360.0
1142,48,2026-01-11,17:00,completed,19,270.0
1143,26,2026-01-11,11:15,completed,39,500
1144,39,2026-01-11,12:00,completed,19,1200
1145,2,2026-01-11,17:30,completed,22,1200
1146,80,2026-01-11,12:30,completed,16,360.0
1147,61,2026-01-11,16:15,completed,6,315.0
1148,18,2026-01-11,12:30,completed,37,800
1149,23,2026-01-11,13:45,completed,7,300
1150,191,2026-01-11,10:15,completed,8,200
1151,31,2026-01-11,13:00,completed,31,200
1152,22,2026-01-11,11:15,cancelled,38,0
1153,19,2026-01-11,15:00,no_show,6,0
1154,124,2026-01-11,13:00,completed,37,200
1155,90,2026-01-11,9:30,completed,7,1200
1156,102,2026-01-11,9:00,completed,9,400
1157,34,2026-01-11,9:15,completed,28,180.0
1158,137,2026-01-11,11:00,completed,35,200
1159,7,2026-01-11,10:15,completed,14,200
1160,145,2026-01-11,13:45,completed,30,350
1161,124,2026-01-11,16:45,completed,17,350
1162,92,2026-01-11,8:30,completed,21,270.0
1163,35,2026-01-11,10:00,completed,20,315.0
1164,24,2026-01-11,14:15,completed,27,300
1165,159,2026-01-11,9:30,completed,5,800
1166,102,2026-01-11,10:00,completed,19,500
1167,173,2026-01-11,10:15,completed,29,720.0
1168,111,2026-01-11,9:00,completed,40,360.0
1169,161,2026-01-11,9:45,completed,11,1080.0
1170,94,2026-01-11,14:45,no_show,16,0
1171,29,2026-01-11,17:15,completed,28,500
1172,86,2026-01-11,17:45,completed,30,270.0
1173,47,2026-01-11,14:30,completed,19,315.0
1174,146,2026-01-11,10:30,completed,16,400
1175,136,2026-01-11,8:00,completed,5,1200
1176,136,2026-01-11,14:15,completed,24,800
1177,15,2026-01-11,8:15,cancelled,29,0
1178,123,2026-01-11,12:00,completed,6,1200
1179,175,2026-01-11,15:15,completed,14,300
1180,24,2026-01-11,9:45,completed,26,800
1181,2,2026-01-12,11:45,cancelled,19,0
1182,11,2026-01-12,10:00,no_show,31,0
1183,120,2026-01-12,10:30,completed,31,800
1184,184,2026-01-12,9:30,completed,10,500
1185,113,2026-01-12,11:00,completed,13,270.0
1186,146,2026-01-12,13:45,completed,21,800
1187,118,2026-01-12,17:30,cancelled,40,0
1188,130,2026-01-12,17:15,cancelled,22,0
1189,176,2026-01-12,8:30,completed,15,1200
1190,81,2026-01-12,9:30,completed,36,400
1191,81,2026-01-12,17:45,completed,35,500
1192,110,2026-01-12,15:30,completed,20,350
1193,144,2026-01-12,9:00,completed,31,350
1194,14,2026-01-12,15:30,completed,26,1200
1195,60,2026-01-12,17:45,completed,29,360.0
1196,148,2026-01-12,14:00,completed,36,180.0
1197,81,2026-01-12,16:30,cancelled,34,0
1198,25,2026-01-12,13:45,completed,17,720.0
1199,65,2026-01-12,13:15,completed,17,350
1200,155,2026-01-12,13:00,completed,8,800
1201,6,2026-01-12,8:00,no_show,37,0
1202,149,2026-01-12,13:15,no_show,6,0
1203,151,2026-01-12,8:30,completed,36,180.0
1204,55,2026-01-12,14:45,completed,29,450.0
1205,29,2026-01-12,14:45,completed,7,500
1206,34,2026-01-12,10:30,cancelled,32,0
1207,9,2026-01-12,8:00,completed,21,720.0
1208,38,2026-01-12,11:00,completed,16,1200
1209,50,2026-01-12,9:15,completed,5,200
1210,42,2026-01-12,11:15,completed,33,350
1211,34,2026-01-12,15:15,completed,11,800
1212,180,2026-01-12,12:30,completed,26,450.0
1213,118,2026-01-12,13:00,completed,27,400
1214,86,2026-01-12,15:15,completed,30,1200
1215,176,2026-01-12,12:00,completed,23,1080.0
1216,99,2026-01-12,9:15,completed,19,350
1217,120,2026-01-12,12:00,completed,37,350
1218,86,2026-01-12,12:15,completed,24,200
1219,170,2026-01-12,9:00,completed,26,1200
1220,88,2026-01-12,12:00,completed,12,1080.0
1221,137,2026-01-12,9:30,completed,15,400
1222,113,2026-01-12,17:45,completed,36,200
1223,106,2026-01-12,9:45,completed,21,720.0
1224,66,2026-01-12,10:15,completed,25,500
1225,196,2026-01-12,14:45,completed,20,800
1226,152,2026-01-12,8:30,completed,14,1200
1227,77,2026-01-12,13:45,completed,23,800
1228,31,2026-01-12,11:45,completed,11,1200
1229,67,2026-01-12,14:15,completed,14,350
1230,160,2026-01-12,15:30,completed,28,200
1231,149,2026-01-12,17:00,completed,5,400
1232,81,2026-01-12,13:30,cancelled,9,0
1233,196,2026-01-12,10:30,cancelled,29,0
1234,107,2026-01-12,15:30,no_show,25,0
1235,192,2026-01-12,14:30,completed,21,400
1236,174,2026-01-12,12:30,cancelled,30,0
1237,107,2026-01-12,13:15,completed,37,300
1238,34,2026-01-12,9:30,no_show,7,0
1239,95,2026-01-12,9:15,completed,31,200
1240,1,2026-01-12,13:15,completed,30,200
1241,137,2026-01-12,17:30,cancelled,34,0
1242,124,2026-01-12,16:15,completed,26,350
1243,49,2026-01-12,8:30,completed,15,270.0
1244,189,2026-01-12,15:45,completed,35,200
1245,128,2026-01-12,9:15,completed,17,800
1246,29,2026-01-12,12:15,no_show,20,0
1247,60,2026-01-12,12:00,completed,39,400
1248,139,2026-01-12,9:15,completed,12,1080.0
1249,68,2026-01-13,11:15,completed,27,450.0
1250,163,2026-01-13,10:45,completed,27,350
1251,163,2026-01-13,15:45,completed,23,800
1252,155,2026-01-13,10:15,completed,28,300
1253,18,2026-01-13,11:45,completed,32,720.0
1254,129,2026-01-13,11:15,completed,8,800
1255,60,2026-01-13,8:45,no_show,32,0
1256,114,2026-01-13,17:30,completed,24,200
1257,151,2026-01-13,16:00,no_show,35,0
1258,141,2026-01-13,10:30,completed,35,400
1259,182,2026-01-13,13:00,completed,30,1200
1260,41,2026-01-13,13:00,completed,28,720.0
1261,142,2026-01-13,15:30,no_show,9,0
1262,37,2026-01-13,14:15,completed,6,350
1263,129,2026-01-13,10:30,completed,34,200
1264,1,2026-01-13,11:45,completed,28,180.0
1265,154,2026-01-13,8:15,completed,25,300
1266,152,2026-01-13,16:45,completed,31,800
1267,174,2026-01-13,17:15,completed,38,800
1268,129,2026-01-13,17:00,cancelled,31,0
1269,82,2026-01-13,10:45,completed,35,1200
1270,95,2026-01-13,8:30,completed,10,270.0
1271,5,2026-01-13,12:15,completed,23,800
1272,16,2026-01-13,17:45,completed,40,400
1273,70,2026-01-13,11:15,completed,28,500
1274,48,2026-01-13,15:30,completed,31,300
1275,150,2026-01-13,12:00,completed,20,315.0
1276,70,2026-01-13,17:45,completed,29,1080.0
1277,184,2026-01-13,10:30,completed,37,315.0
1278,71,2026-01-13,11:15,completed,13,200
1279,75,2026-01-13,14:30,completed,31,720.0
1280,47,2026-01-13,9:15,completed,25,350
1281,50,2026-01-13,17:30,completed,14,300
1282,7,2026-01-13,14:30,completed,25,180.0
1283,179,2026-01-13,16:30,no_show,26,0
1284,41,2026-01-13,11:30,completed,11,300
1285,140,2026-01-13,17:45,completed,33,300
1286,74,2026-01-13,15:45,completed,22,400
1287,140,2026-01-13,13:00,cancelled,31,0
1288,17,2026-01-13,12:15,completed,24,350
1289,89,2026-01-13,17:30,completed,8,350
1290,136,2026-01-13,16:30,completed,38,500
1291,188,2026-01-13,8:30,completed,12,270.0
1292,14,2026-01-13,12:00,completed,36,200
1293,30,2026-01-13,10:15,completed,35,400
1294,28,2026-01-13,11:45,no_show,15,0
1295,120,2026-01-13,14:30,completed,5,180.0
1296,48,2026-01-13,12:00,completed,15,350
1297,157,2026-01-13,13:00,completed,18,1080.0
1298,76,2026-01-13,12:45,completed,36,360.0
1299,164,2026-01-13,16:30,completed,33,200
1300,93,2026-01-13,14:15,cancelled,32,0
1301,162,2026-01-13,11:00,completed,20,350
1302,116,2026-01-13,8:30,completed,11,300
1303,56,2026-01-13,12:30,no_show,30,0
1304,86,2026-01-13,11:30,completed,5,350
1305,169,2026-01-13,17:30,completed,35,180.0
1306,30,2026-01-13,13:15,completed,18,800
1307,23,2026-01-13,15:30,completed,5,500
1308,142,2026-01-13,14:45,completed,8,300
1309,7,2026-01-13,8:00,no_show,10,0
1310,123,2026-01-13,12:00,completed,6,360.0
1311,111,2026-01-13,17:15,cancelled,30,0
1312,45,2026-01-13,9:15,completed,7,200
1313,52,2026-01-14,13:30,completed,14,200
1314,72,2026-01-14,13:00,completed,32,720.0
1315,179,2026-01-14,14:00,completed,29,400
1316,176,2026-01-14,9:45,completed,37,180.0
1317,191,2026-01-14,9:45,completed,12,300
1318,66,2026-01-14,12:00,completed,21,400
1319,144,2026-01-14,13:30,completed,10,300
1320,44,2026-01-14,16:30,completed,27,400
1321,2,2026-01-14,17:15,no_show,21,0
1322,194,2026-01-14,14:45,cancelled,11,0
1323,45,2026-01-14,14:00,completed,30,270.0
1324,88,2026-01-14,13:45,completed,34,1200
1325,21,2026-01-14,16:30,completed,23,200
1326,87,2026-01-14,11:00,completed,6,800
1327,81,2026-01-14,12:15,no_show,26,0
1328,133,2026-01-14,9:30,completed,8,720.0
1329,20,2026-01-14,13:30,completed,5,180.0
1330,102,2026-01-14,12:15,completed,36,450.0
1331,99,2026-01-14,9:15,completed,38,500
1332,116,2026-01-14,16:15,completed,16,800
1333,146,2026-01-14,8:00,cancelled,24,0
1334,65,2026-01-14,12:15,no_show,40,0
1335,16,2026-01-14,9:30,completed,11,270.0
1336,145,2026-01-14,9:30,completed,18,400
1337,63,2026-01-14,11:45,completed,13,180.0
1338,148,2026-01-14,12:45,completed,24,270.0
1339,132,2026-01-14,15:45,completed,12,200
1340,147,2026-01-14,16:30,completed,12,1080.0
1341,49,2026-01-14,15:30,no_show,33,0
1342,124,2026-01-14,14:45,completed,30,800
1343,177,2026-01-14,8:45,completed,34,500
1344,94,2026-01-14,11:45,completed,27,300
1345,88,2026-01-14,9:00,cancelled,32,0
1346,8,2026-01-14,11:45,completed,26,350
1347,128,2026-01-14,15:00,completed,40,350
1348,154,2026-01-14,9:45,completed,35,500
1349,145,2026-01-14,17:30,completed,37,180.0
1350,114,2026-01-14,8:45,completed,24,200
1351,57,2026-01-14,14:45,completed,32,200
1352,148,2026-01-14,15:00,completed,7,500
1353,21,2026-01-14,14:15,completed,5,500
1354,85,2026-01-14,13:30,completed,29,800
1355,87,2026-01-14,15:30,completed,30,300
1356,93,2026-01-14,15:00,completed,8,350
1357,45,2026-01-14,16:45,completed,25,300
1358,92,2026-01-14,11:30,completed,8,400
1359,177,2026-01-14,15:15,completed,24,800
1360,27,2026-01-14,8:30,completed,23,720.0
1361,106,2026-01-14,17:00,completed,14,270.0
1362,16,2026-01-14,17:45,completed,26,360.0
1363,77,2026-01-14,17:45,completed,23,400
1364,193,2026-01-14,15:30,cancelled,25,0
1365,114,2026-01-14,12:45,completed,34,315.0
1366,117,2026-01-14,12:00,completed,31,720.0
1367,2,2026-01-14,14:45,completed,35,500
1368,51,2026-01-14,12:15,completed,28,500
1369,24,2026-01-14,14:15,completed,19,300
1370,105,2026-01-14,8:00,completed,18,400
1371,98,2026-01-14,17:30,completed,28,350
1372,60,2026-01-14,10:00,completed,31,1200
1373,108,2026-01-15,10:00,completed,39,500
1374,1,2026-01-15,16:00,no_show,18,0
1375,103,2026-01-15,8:15,completed,29,500
1376,141,2026-01-15,16:45,completed,25,450.0
1377,133,2026-01-15,11:15,completed,13,800
1378,53,2026-01-15,11:30,completed,36,400
1379,65,2026-01-15,10:15,cancelled,10,0
1380,5,2026-01-15,16:15,cancelled,39,0
1381,45,2026-01-15,9:45,completed,7,1200
1382,2,2026-01-15,17:30,completed,21,400
1383,78,2026-01-15,11:00,completed,33,360.0
1384,132,2026-01-15,16:00,completed,38,400
1385,72,2026-01-15,11:30,completed,10,400
1386,141,2026-01-15,12:00,completed,9,500
1387,73,2026-01-15,8:30,completed,39,1200
1388,31,2026-01-15,11:45,completed,23,800
1389,66,2026-01-15,8:00,completed,20,315.0
1390,104,2026-01-15,11:00,no_show,6,0
1391,115,2026-01-15,9:00,completed,22,1080.0
1392,80,2026-01-15,14:00,completed,20,720.0
1393,79,2026-01-15,13:45,completed,27,1200
1394,171,2026-01-15,16:15,cancelled,14,0
1395,23,2026-01-15,11:45,completed,15,400
1396,147,2026-01-15,8:15,completed,8,200
1397,164,2026-01-15,12:30,completed,20,800
1398,59,2026-01-15,12:00,completed,40,1200
1399,96,2026-01-15,10:00,completed,12,1200
1400,185,2026-01-15,11:15,completed,12,400
1401,54,2026-01-15,11:30,completed,35,500
1402,45,2026-01-15,14:45,completed,20,200
1403,78,2026-01-15,11:45,completed,15,1200
1404,200,2026-01-15,10:00,completed,36,350
1405,123,2026-01-15,17:30,completed,33,315.0
1406,42,2026-01-15,17:30,completed,19,450.0
1407,44,2026-01-15,14:15,completed,11,270.0
1408,115,2026-01-15,11:30,completed,37,300
1409,103,2026-01-15,14:00,completed,22,200
1410,152,2026-01-15,14:45,completed,22,360.0
1411,188,2026-01-15,16:00,completed,16,360.0
1412,67,2026-01-15,9:45,cancelled,30,0
1413,195,2026-01-15,16:00,completed,14,200
1414,189,2026-01-15,9:00,completed,16,200
1415,194,2026-01-15,16:45,completed,18,1200
1416,180,2026-01-15,14:45,completed,14,450.0
1417,56,2026-01-15,10:00,completed,35,800
1418,173,2026-01-15,13:15,completed,25,450.0
1419,5,2026-01-15,13:30,completed,13,1200
1420,90,2026-01-15,11:30,completed,5,350
1421,88,2026-01-15,14:00,completed,31,500
1422,34,2026-01-15,12:30,completed,23,800
1423,95,2026-01-15,16:30,completed,30,450.0
1424,156,2026-01-15,12:00,completed,6,200
1425,33,2026-01-15,10:30,completed,26,200
1426,60,2026-01-15,10:00,completed,37,800
1427,188,2026-01-15,14:30,no_show,10,0
1428,52,2026-01-15,14:30,completed,19,400
1429,158,2026-01-15,13:45,completed,7,500
1430,122,2026-01-15,14:30,completed,40,400
1431,107,2026-01-15,16:00,completed,33,500
1432,124,2026-01-15,16:45,no_show,10,0
1433,163,2026-01-15,12:15,no_show,8,0
1434,198,2026-01-15,17:45,completed,6,400
1435,52,2026-01-15,10:45,completed,37,500
1436,104,2026-01-15,9:45,no_show,23,0
1437,147,2026-01-15,9:30,completed,23,300
1438,174,2026-01-15,17:45,completed,7,300
1439,112,2026-01-15,8:45,completed,6,1200
1440,50,2026-01-15,12:30,completed,23,300
1441,122,2026-01-15,13:45,completed,12,1200
1442,140,2026-01-15,15:00,completed,8,1080.0
1443,2,2026-01-15,8:45,completed,13,200
1444,184,2026-01-15,10:45,completed,17,800
1445,19,2026-01-15,14:00,completed,28,500
1446,20,2026-01-15,12:30,completed,21,400
1447,103,2026-01-15,15:15,completed,35,720.0
1448,2,2026-01-15,11:30,completed,39,800
1449,152,2026-01-15,11:15,completed,31,200
1450,54,2026-01-15,12:15,no_show,10,0
1451,46,2026-01-15,14:45,completed,22,180.0
1452,125,2026-01-15,15:00,completed,8,1080.0
1453,10,2026-01-15,13:00,completed,31,800
1454,110,2026-01-15,11:00,cancelled,29,0
1455,12,2026-01-15,14:45,completed,40,400
1456,128,2026-01-16,12:00,completed,14,450.0
1457,173,2026-01-16,17:30,completed,14,1080.0
1458,111,2026-01-16,10:45,completed,12,300
1459,153,2026-01-16,9:45,completed,20,720.0
1460,153,2026-01-16,11:15,completed,5,315.0
1461,120,2026-01-16,10:30,completed,39,300
1462,118,2026-01-16,8:45,completed,32,300
1463,78,2026-01-16,15:15,cancelled,30,0
1464,67,2026-01-16,17:00,completed,28,1200
1465,68,2026-01-16,9:00,completed,21,270.0
1466,152,2026-01-16,13:15,completed,8,500
1467,73,2026-01-16,8:00,no_show,20,0
1468,179,2026-01-16,12:00,completed,5,800
1469,175,2026-01-16,15:30,completed,28,315.0
1470,93,2026-01-16,8:45,completed,33,200
1471,6,2026-01-16,12:15,no_show,7,0
1472,85,2026-01-16,12:15,cancelled,37,0
1473,142,2026-01-16,11:30,cancelled,38,0
1474,166,2026-01-16,17:15,completed,5,1080.0
1475,112,2026-01-16,8:30,cancelled,37,0
1476,66,2026-01-16,13:00,completed,26,270.0
1477,104,2026-01-16,14:45,completed,13,1080.0
1478,175,2026-01-16,17:00,completed,13,200
1479,66,2026-01-16,17:15,completed,18,1200
1480,83,2026-01-16,8:00,completed,14,800
1481,166,2026-01-16,16:45,completed,19,200
1482,26,2026-01-16,10:00,cancelled,16,0
1483,112,2026-01-16,13:30,completed,15,500
1484,124,2026-01-16,12:15,completed,9,400
1485,67,2026-01-16,17:00,completed,39,300
1486,29,2026-01-16,13:00,completed,16,500
1487,36,2026-01-16,10:30,completed,29,500
1488,181,2026-01-16,13:45,completed,24,350
1489,54,2026-01-16,12:00,cancelled,18,0
1490,83,2026-01-16,17:15,completed,8,1200
1491,74,2026-01-16,14:00,completed,13,1200
1492,37,2026-01-16,8:30,completed,7,400
1493,173,2026-01-16,11:45,completed,31,800
1494,50,2026-01-16,10:15,completed,34,315.0
1495,170,2026-01-16,15:30,completed,13,200
1496,121,2026-01-16,14:00,cancelled,26,0
1497,190,2026-01-16,14:15,completed,26,360.0
1498,55,2026-01-16,14:30,completed,30,200
1499,44,2026-01-16,10:00,completed,8,315.0
1500,30,2026-01-16,15:15,cancelled,26,0
1501,105,2026-01-16,16:30,cancelled,15,0
1502,197,2026-01-16,12:30,completed,25,500
1503,5,2026-01-16,14:30,completed,20,350
1504,45,2026-01-16,14:30,completed,26,400
1505,69,2026-01-16,13:30,completed,38,500
1506,198,2026-01-16,11:00,completed,35,500
1507,182,2026-01-16,17:30,completed,32,450.0
1508,28,2026-01-16,8:00,completed,21,720.0
1509,21,2026-01-16,14:30,completed,8,450.0
1510,76,2026-01-16,13:30,no_show,33,0
1511,121,2026-01-16,13:45,completed,18,270.0
1512,163,2026-01-16,9:15,cancelled,39,0
1513,153,2026-01-16,16:45,completed,21,500
1514,96,2026-01-16,10:00,completed,38,800
1515,30,2026-01-16,15:45,completed,9,1200
1516,132,2026-01-16,10:00,completed,10,270.0
1517,153,2026-01-16,11:30,completed,11,180.0
1518,113,2026-01-17,11:45,completed,38,350
1519,72,2026-01-17,16:15,completed,11,180.0
1520,76,2026-01-17,8:15,completed,28,500
1521,61,2026-01-17,9:45,completed,36,500
1522,99,2026-01-17,12:15,completed,34,500
1523,192,2026-01-17,11:15,completed,9,1200
1524,159,2026-01-17,9:00,completed,19,350
1525,32,2026-01-17,16:00,completed,8,1200
1526,142,2026-01-17,8:00,completed,33,300
1527,127,2026-01-17,11:30,completed,14,300
1528,48,2026-01-17,9:45,cancelled,33,0
1529,97,2026-01-17,8:30,completed,14,1080.0
1530,37,2026-01-17,10:30,completed,31,800
1531,119,2026-01-17,12:15,completed,22,800
1532,43,2026-01-17,10:45,completed,21,270.0
1533,51,2026-01-17,9:45,completed,40,500
1534,78,2026-01-17,12:45,completed,18,200
1535,162,2026-01-17,11:30,completed,39,350
1536,83,2026-01-17,14:30,completed,26,200
1537,25,2026-01-17,17:00,completed,14,360.0
1538,172,2026-01-17,8:45,completed,24,400
1539,20,2026-01-17,15:30,completed,31,400
1540,114,2026-01-17,11:45,no_show,35,0
1541,22,2026-01-17,11:45,completed,24,450.0
1542,42,2026-01-17,13:45,completed,16,500
1543,139,2026-01-17,9:30,cancelled,9,0
1544,88,2026-01-17,9:30,completed,15,300
1545,165,2026-01-17,10:45,completed,16,800
1546,134,2026-01-17,16:30,completed,25,300
1547,21,2026-01-17,13:15,cancelled,8,0
1548,165,2026-01-17,11:00,cancelled,24,0
1549,68,2026-01-17,17:00,completed,34,800
1550,196,2026-01-17,17:00,completed,13,1080.0
1551,118,2026-01-17,17:00,completed,33,270.0
1552,145,2026-01-17,16:15,completed,35,270.0
1553,181,2026-01-17,10:15,completed,30,300
1554,116,2026-01-17,17:00,completed,36,360.0
1555,181,2026-01-17,17:30,completed,23,270.0
1556,66,2026-01-17,13:00,completed,40,300
1557,7,2026-01-17,9:15,completed,31,800
1558,197,2026-01-17,17:45,completed,17,800
1559,13,2026-01-17,17:00,completed,11,800
1560,131,2026-01-17,8:15,completed,18,350
1561,154,2026-01-17,9:45,completed,27,315.0
1562,139,2026-01-17,15:00,completed,16,800
1563,114,2026-01-17,10:30,completed,5,180.0
1564,117,2026-01-17,11:15,no_show,5,0
1565,68,2026-01-17,9:30,completed,39,180.0
1566,148,2026-01-17,17:30,completed,14,350
1567,193,2026-01-17,13:45,completed,5,400
1568,109,2026-01-17,14:30,completed,40,350
1569,141,2026-01-17,9:45,completed,27,450.0
1570,24,2026-01-17,16:15,completed,32,800
1571,22,2026-01-17,10:15,completed,30,180.0
1572,1,2026-01-17,16:15,cancelled,37,0
1573,44,2026-01-17,8:00,completed,17,500
1574,155,2026-01-17,12:30,completed,17,300
1575,122,2026-01-17,16:45,completed,23,800
1576,9,2026-01-17,16:45,completed,17,350
1577,79,2026-01-17,13:15,completed,10,300
1578,132,2026-01-17,14:00,completed,13,300
1579,200,2026-01-17,15:00,no_show,5,0
1580,23,2026-01-17,9:45,completed,24,720.0
1581,164,2026-01-17,16:00,completed,39,1080.0
1582,15,2026-01-17,16:45,completed,35,450.0
1583,173,2026-01-18,12:30,completed,23,315.0
1584,12,2026-01-18,12:15,no_show,23,0
1585,142,2026-01-18,14:45,completed,16,500
1586,149,2026-01-18,9:30,completed,32,300
1587,111,2026-01-18,16:45,completed,21,300
1588,146,2026-01-18,11:15,completed,29,400
1589,123,2026-01-18,11:30,completed,27,400
1590,91,2026-01-18,8:30,completed,16,180.0
1591,150,2026-01-18,14:00,completed,12,350
1592,132,2026-01-18,16:30,cancelled,26,0
1593,14,2026-01-18,10:15,completed,23,400
1594,97,2026-01-18,15:00,completed,31,300
1595,122,2026-01-18,17:00,completed,6,300
1596,90,2026-01-18,11:15,no_show,26,0
1597,89,2026-01-18,12:00,completed,38,350
1598,169,2026-01-18,17:30,completed,9,800
1599,77,2026-01-18,14:15,no_show,26,0
1600,39,2026-01-18,12:45,completed,32,400
1601,119,2026-01-18,13:00,completed,39,1080.0
1602,122,2026-01-18,9:00,completed,38,400
1603,11,2026-01-18,16:45,completed,31,315.0
1604,14,2026-01-18,17:15,completed,14,350
1605,176,2026-01-18,14:00,cancelled,17,0
1606,140,2026-01-18,13:45,completed,5,450.0
1607,102,2026-01-18,9:30,completed,11,800
1608,21,2026-01-18,17:00,completed,7,1200
1609,160,2026-01-18,13:30,completed,35,400
1610,176,2026-01-18,13:30,completed,17,200
1611,7,2026-01-18,8:00,completed,15,800
1612,122,2026-01-18,10:15,completed,26,1200
1613,187,2026-01-18,17:45,completed,28,350
1614,112,2026-01-18,15:30,completed,22,1200
1615,190,2026-01-18,17:15,completed,22,360.0
1616,165,2026-01-18,16:00,completed,15,300
1617,37,2026-01-18,16:45,completed,17,300
1618,138,2026-01-18,16:30,completed,40,400
1619,61,2026-01-18,14:00,completed,14,180.0
1620,22,2026-01-18,15:45,completed,22,350
1621,172,2026-01-18,17:15,completed,14,1200
1622,43,2026-01-18,12:45,completed,20,315.0
1623,172,2026-01-18,13:15,completed,10,200
1624,55,2026-01-18,15:45,completed,24,800
1625,77,2026-01-18,16:15,completed,27,800
1626,191,2026-01-18,17:00,completed,39,720.0
1627,151,2026-01-18,17:15,completed,30,720.0
1628,91,2026-01-18,16:15,completed,5,400
1629,6,2026-01-18,17:00,completed,8,315.0
1630,175,2026-01-18,12:30,completed,5,180.0
1631,98,2026-01-18,10:30,completed,36,720.0
1632,45,2026-01-18,9:30,completed,22,1080.0
1633,168,2026-01-18,11:00,completed,19,800
1634,139,2026-01-18,8:15,completed,36,350
1635,184,2026-01-18,11:15,cancelled,35,0
1636,116,2026-01-18,10:15,completed,33,300
1637,89,2026-01-18,17:00,completed,17,315.0
1638,183,2026-01-18,10:00,completed,20,270.0
1639,124,2026-01-18,17:15,completed,18,360.0
1640,99,2026-01-18,14:00,completed,19,270.0
1641,140,2026-01-18,10:45,completed,34,200
1642,198,2026-01-18,8:00,completed,24,360.0
1643,85,2026-01-18,16:30,completed,9,720.0
1644,193,2026-01-18,16:15,completed,38,270.0
1645,148,2026-01-18,8:00,completed,11,800
1646,128,2026-01-18,11:30,no_show,37,0
1647,80,2026-01-18,14:15,no_show,10,0
1648,178,2026-01-18,12:30,completed,13,400
1649,24,2026-01-18,12:15,completed,24,200
1650,146,2026-01-18,15:00,completed,26,1200
1651,164,2026-01-18,12:30,completed,38,500
1652,93,2026-01-18,13:30,completed,37,200
1653,192,2026-01-18,8:15,completed,19,360.0
1654,42,2026-01-19,10:30,completed,8,300
1655,101,2026-01-19,13:15,completed,27,200
1656,48,2026-01-19,17:45,cancelled,24,0
1657,63,2026-01-19,17:45,completed,37,350
1658,198,2026-01-19,11:45,completed,17,350
1659,116,2026-01-19,11:45,no_show,25,0
1660,115,2026-01-19,11:15,completed,38,350
1661,91,2026-01-19,8:00,completed,29,315.0
1662,87,2026-01-19,9:00,completed,33,300
1663,100,2026-01-19,13:30,completed,36,350
1664,13,2026-01-19,10:00,no_show,11,0
1665,127,2026-01-19,8:15,completed,40,400
1666,101,2026-01-19,11:15,completed,11,350
1667,12,2026-01-19,14:00,completed,31,450.0
1668,80,2026-01-19,14:30,completed,15,450.0
1669,60,2026-01-19,12:15,completed,29,400
1670,8,2026-01-19,12:00,completed,25,400
1671,127,2026-01-19,15:00,no_show,30,0
1672,30,2026-01-19,13:00,completed,25,300
1673,23,2026-01-19,15:30,completed,10,300
1674,102,2026-01-19,15:00,completed,5,1080.0
1675,69,2026-01-19,9:45,completed,9,200
1676,145,2026-01-19,17:15,completed,35,500
1677,12,2026-01-19,8:45,completed,40,1080.0
1678,186,2026-01-19,13:15,completed,38,800
1679,52,2026-01-19,9:45,completed,28,350
1680,144,2026-01-19,12:15,no_show,33,0
1681,156,2026-01-19,17:00,completed,15,720.0
1682,4,2026-01-19,12:15,completed,16,300
1683,170,2026-01-19,11:45,completed,36,500
1684,132,2026-01-19,13:00,completed,10,400
1685,5,2026-01-19,11:30,completed,27,300
1686,176,2026-01-19,11:45,completed,39,350
1687,130,2026-01-19,11:00,no_show,14,0
1688,51,2026-01-19,14:30,cancelled,12,0
1689,24,2026-01-19,14:45,completed,19,350
1690,194,2026-01-19,11:45,completed,7,450.0
1691,2,2026-01-19,13:45,completed,15,400
1692,180,2026-01-19,9:00,completed,6,300
1693,97,2026-01-19,8:15,no_show,17,0
1694,200,2026-01-19,13:00,completed,26,180.0
1695,76,2026-01-19,17:30,completed,20,800
1696,69,2026-01-19,16:15,completed,35,200
1697,60,2026-01-19,16:30,cancelled,36,0
1698,122,2026-01-19,16:15,completed,31,500
1699,132,2026-01-20,12:30,completed,19,1080.0
1700,85,2026-01-20,16:30,completed,35,350
1701,22,2026-01-20,14:00,completed,19,350
1702,2,2026-01-20,11:45,no_show,18,0
1703,21,2026-01-20,15:00,completed,16,1200
1704,199,2026-01-20,13:30,completed,35,800
1705,181,2026-01-20,14:00,cancelled,7,0
1706,72,2026-01-20,15:15,completed,36,800
1707,174,2026-01-20,8:00,completed,15,450.0
1708,185,2026-01-20,17:15,no_show,34,0
1709,169,2026-01-20,14:45,completed,9,350
1710,126,2026-01-20,16:30,completed,14,315.0
1711,47,2026-01-20,10:15,completed,31,200
1712,116,2026-01-20,8:30,cancelled,19,0
1713,45,2026-01-20,16:15,completed,35,200
1714,181,2026-01-20,11:45,completed,5,360.0
1715,49,2026-01-20,10:00,no_show,29,0
1716,170,2026-01-20,12:15,completed,7,800
1717,35,2026-01-20,11:00,completed,24,360.0
1718,186,2026-01-20,15:45,completed,24,400
1719,187,2026-01-20,17:15,completed,7,315.0
1720,92,2026-01-20,10:30,completed,31,450.0
1721,129,2026-01-20,11:30,cancelled,36,0
1722,147,2026-01-20,12:30,completed,6,800
1723,55,2026-01-20,14:45,completed,13,315.0
1724,67,2026-01-20,13:30,completed,16,1200
1725,88,2026-01-20,15:30,completed,19,400
1726,48,2026-01-20,8:00,completed,23,800
1727,19,2026-01-20,9:00,completed,36,720.0
1728,24,2026-01-20,12:15,completed,14,500
1729,47,2026-01-20,11:45,completed,29,350
1730,162,2026-01-20,14:30,completed,32,800
1731,12,2026-01-20,11:30,completed,22,350
1732,66,2026-01-20,14:45,completed,39,315.0
1733,95,2026-01-20,14:00,completed,12,350
1734,86,2026-01-20,13:45,completed,37,350
1735,113,2026-01-20,9:00,completed,31,720.0
1736,152,2026-01-20,15:45,completed,19,800
1737,17,2026-01-20,13:00,completed,28,350
1738,159,2026-01-20,14:00,completed,40,1200
1739,77,2026-01-20,13:00,completed,6,800
1740,51,2026-01-20,12:00,no_show,38,0
1741,27,2026-01-20,11:45,completed,33,300
1742,77,2026-01-20,16:30,completed,30,200
1743,197,2026-01-20,8:30,completed,14,360.0
1744,123,2026-01-20,13:45,no_show,14,0
1745,185,2026-01-20,15:45,cancelled,19,0
1746,96,2026-01-20,14:15,completed,32,800
1747,194,2026-01-20,10:45,completed,34,1200
1748,189,2026-01-20,14:15,cancelled,14,0
1749,185,2026-01-20,12:15,completed,32,800
1750,37,2026-01-20,13:15,completed,37,350
1751,11,2026-01-20,9:30,cancelled,18,0
1752,128,2026-01-20,17:45,no_show,32,0
1753,119,2026-01-20,16:30,completed,40,270.0
1754,44,2026-01-20,14:15,completed,32,300
1755,3,2026-01-20,8:45,completed,24,200
1756,64,2026-01-20,14:15,completed,32,200
1757,16,2026-01-20,12:15,no_show,35,0
1758,130,2026-01-20,17:15,completed,33,1200
1759,106,2026-01-20,15:30,completed,6,800
1760,110,2026-01-20,14:30,completed,13,720.0
1761,182,2026-01-20,10:30,cancelled,24,0
1762,40,2026-01-21,12:15,cancelled,11,0
1763,137,2026-01-21,13:15,completed,10,300
1764,170,2026-01-21,9:30,no_show,7,0
1765,193,2026-01-21,17:45,completed,32,200
1766,53,2026-01-21,14:00,completed,40,270.0
1767,107,2026-01-21,17:45,completed,38,200
1768,18,2026-01-21,13:30,completed,37,800
1769,70,2026-01-21,11:15,no_show,19,0
1770,173,2026-01-21,9:30,completed,10,200
1771,51,2026-01-21,12:45,completed,6,350
1772,142,2026-01-21,14:30,no_show,6,0
1773,88,2026-01-21,13:00,no_show,27,0
1774,58,2026-01-21,13:15,completed,10,500
1775,187,2026-01-21,15:30,cancelled,15,0
1776,180,2026-01-21,8:45,completed,34,300
1777,141,2026-01-21,14:15,completed,16,1200
1778,118,2026-01-21,11:15,completed,29,1200
1779,100,2026-01-21,14:30,completed,13,1200
1780,21,2026-01-21,10:45,completed,25,300
1781,195,2026-01-21,10:45,completed,18,350
1782,87,2026-01-21,12:30,completed,24,200
1783,176,2026-01-21,13:15,completed,8,1080.0
1784,127,2026-01-21,12:15,completed,14,200
1785,81,2026-01-21,8:00,completed,23,720.0
1786,151,2026-01-21,10:15,completed,8,300
1787,130,2026-01-21,9:30,completed,34,1080.0
1788,4,2026-01-21,9:00,cancelled,13,0
1789,164,2026-01-21,14:30,completed,33,360.0
1790,153,2026-01-21,10:00,completed,29,300
1791,177,2026-01-21,17:00,completed,22,360.0
1792,3,2026-01-21,10:15,completed,19,800
1793,107,2026-01-21,11:30,completed,22,200
1794,35,2026-01-21,15:15,completed,31,300
1795,180,2026-01-21,12:15,completed,38,300
1796,134,2026-01-21,16:30,completed,15,500
1797,101,2026-01-21,11:30,completed,14,400
1798,122,2026-01-21,13:15,completed,6,400
1799,16,2026-01-21,12:45,completed,33,500
1800,191,2026-01-21,16:00,completed,39,350
1801,169,2026-01-21,11:30,completed,10,350
1802,106,2026-01-21,11:45,cancelled,39,0
1803,76,2026-01-21,11:00,no_show,27,0
1804,184,2026-01-21,11:45,completed,35,350
1805,181,2026-01-21,16:15,completed,36,350
1806,99,2026-01-21,16:45,completed,24,800
1807,154,2026-01-21,8:15,completed,23,1200
1808,162,2026-01-21,12:30,completed,7,450.0
1809,160,2026-01-21,15:15,no_show,7,0
1810,70,2026-01-21,16:45,completed,18,300
1811,29,2026-01-21,14:15,completed,22,300
1812,62,2026-01-21,16:15,no_show,38,0
1813,151,2026-01-21,13:30,completed,17,400
1814,35,2026-01-21,16:15,completed,24,1200
1815,181,2026-01-21,17:30,completed,23,400
1816,188,2026-01-21,14:15,completed,13,180.0
1817,31,2026-01-21,17:00,completed,37,1200
1818,66,2026-01-21,15:15,no_show,8,0
1819,193,2026-01-21,12:15,no_show,10,0
1820,134,2026-01-22,12:45,completed,25,1200
1821,174,2026-01-22,9:45,completed,15,300
1822,54,2026-01-22,15:00,completed,34,300
1823,170,2026-01-22,10:45,completed,21,200
1824,97,2026-01-22,9:00,completed,12,300
1825,189,2026-01-22,10:45,completed,27,200
1826,125,2026-01-22,12:00,no_show,32,0
1827,159,2026-01-22,11:00,completed,31,350
1828,128,2026-01-22,8:00,completed,8,800
1829,121,2026-01-22,14:15,completed,7,270.0
1830,185,2026-01-22,9:15,completed,40,300
1831,195,2026-01-22,11:45,completed,29,400
1832,135,2026-01-22,14:15,cancelled,15,0
1833,36,2026-01-22,8:45,completed,32,200
1834,174,2026-01-22,14:15,completed,30,400
1835,94,2026-01-22,17:15,completed,11,400
1836,113,2026-01-22,9:30,completed,19,400
1837,154,2026-01-22,17:30,completed,19,720.0
1838,13,2026-01-22,8:45,completed,24,450.0
1839,106,2026-01-22,10:00,completed,12,180.0
1840,78,2026-01-22,8:00,completed,30,800
1841,152,2026-01-22,8:00,completed,23,300
1842,111,2026-01-22,8:15,completed,36,400
1843,45,2026-01-22,15:15,completed,6,400
1844,17,2026-01-22,11:15,no_show,8,0
1845,79,2026-01-22,17:15,completed,15,270.0
1846,186,2026-01-22,14:15,completed,20,400
1847,185,2026-01-22,17:00,completed,6,300
1848,159,2026-01-22,17:45,completed,15,500
1849,110,2026-01-22,9:45,cancelled,15,0
1850,76,2026-01-22,14:00,completed,14,1080.0
1851,144,2026-01-22,9:15,completed,29,350
1852,60,2026-01-22,16:45,no_show,16,0
1853,50,2026-01-22,15:45,completed,17,400
1854,190,2026-01-22,13:15,completed,5,400
1855,163,2026-01-22,9:45,completed,21,180.0
1856,117,2026-01-22,10:45,completed,19,400
1857,105,2026-01-22,16:45,completed,20,300
1858,70,2026-01-22,16:45,completed,32,720.0
1859,141,2026-01-22,17:15,completed,36,500
1860,44,2026-01-22,14:45,completed,16,300
1861,187,2026-01-22,12:30,completed,33,400
1862,153,2026-01-22,13:45,completed,31,300
1863,188,2026-01-22,10:45,completed,7,300
1864,52,2026-01-22,12:15,completed,30,800
1865,85,2026-01-22,15:00,completed,12,300
1866,62,2026-01-23,12:15,completed,10,720.0
1867,124,2026-01-23,16:15,completed,18,180.0
1868,169,2026-01-23,14:15,completed,8,500
1869,57,2026-01-23,13:15,completed,24,800
1870,20,2026-01-23,17:30,completed,15,1200
1871,110,2026-01-23,8:30,completed,11,720.0
1872,159,2026-01-23,11:45,completed,37,180.0
1873,120,2026-01-23,17:45,completed,35,300
1874,145,2026-01-23,13:15,cancelled,40,0
1875,120,2026-01-23,10:00,completed,8,800
1876,184,2026-01-23,10:15,completed,38,315.0
1877,45,2026-01-23,16:30,completed,38,270.0
1878,91,2026-01-23,10:45,completed,12,400
1879,176,2026-01-23,16:00,completed,30,180.0
1880,53,2026-01-23,11:00,cancelled,36,0
1881,120,2026-01-23,12:30,completed,24,350
1882,87,2026-01-23,11:30,completed,5,180.0
1883,188,2026-01-23,11:15,completed,6,400
1884,138,2026-01-23,15:15,completed,35,315.0
1885,84,2026-01-23,11:00,no_show,8,0
1886,61,2026-01-23,13:00,no_show,17,0
1887,197,2026-01-23,10:00,completed,31,315.0
1888,66,2026-01-23,15:45,completed,20,350
1889,190,2026-01-23,11:00,completed,18,315.0
1890,84,2026-01-23,15:15,completed,30,350
1891,120,2026-01-23,9:00,completed,12,1200
1892,119,2026-01-23,16:15,completed,40,1080.0
1893,144,2026-01-23,13:30,completed,15,200
1894,107,2026-01-23,11:45,completed,25,350
1895,126,2026-01-23,16:15,completed,7,1200
1896,195,2026-01-23,11:00,completed,39,200
1897,87,2026-01-23,8:45,no_show,14,0
1898,74,2026-01-23,8:30,completed,36,200
1899,86,2026-01-23,14:15,completed,16,300
1900,19,2026-01-23,11:15,completed,20,350
1901,37,2026-01-23,11:15,no_show,5,0
1902,45,2026-01-23,14:15,completed,19,500
1903,79,2026-01-23,16:15,completed,5,450.0
1904,88,2026-01-23,10:45,completed,10,350
1905,1,2026-01-23,15:30,no_show,7,0
1906,52,2026-01-23,14:30,completed,34,1200
1907,37,2026-01-23,13:30,completed,15,200
1908,46,2026-01-23,13:30,completed,34,1200
1909,143,2026-01-23,12:45,completed,7,200
1910,187,2026-01-23,8:00,completed,36,350
1911,72,2026-01-23,16:00,completed,39,360.0
1912,43,2026-01-23,9:00,completed,21,800
1913,67,2026-01-23,13:15,completed,10,800
1914,93,2026-01-23,15:00,completed,18,360.0
1915,188,2026-01-23,15:00,no_show,37,0
1916,63,2026-01-23,14:00,no_show,22,0
1917,49,2026-01-23,14:15,completed,40,300
1918,61,2026-01-23,16:15,completed,17,400
1919,193,2026-01-23,15:30,completed,28,270.0
1920,111,2026-01-23,8:15,completed,22,350
1921,168,2026-01-23,10:00,completed,15,400
1922,115,2026-01-23,8:00,completed,7,270.0
1923,131,2026-01-23,12:00,completed,31,800
1924,166,2026-01-23,9:00,completed,27,720.0
1925,15,2026-01-24,16:30,completed,24,200
1926,84,2026-01-24,17:00,completed,10,180.0
1927,50,2026-01-24,12:30,completed,26,400
1928,163,2026-01-24,10:30,completed,18,300
1929,6,2026-01-24,17:15,completed,13,720.0
1930,71,2026-01-24,15:00,completed,31,800
1931,77,2026-01-24,9:30,completed,28,300
1932,50,2026-01-24,8:30,completed,39,1080.0
1933,4,2026-01-24,14:30,completed,6,350
1934,147,2026-01-24,9:00,completed,25,720.0
1935,137,2026-01-24,9:30,completed,31,360.0
1936,164,2026-01-24,12:30,completed,13,800
1937,200,2026-01-24,17:45,cancelled,26,0
1938,109,2026-01-24,15:00,completed,15,360.0
1939,198,2026-01-24,16:00,cancelled,25,0
1940,79,2026-01-24,17:30,no_show,26,0
1941,194,2026-01-24,11:45,completed,24,270.0
1942,158,2026-01-24,10:30,completed,21,450.0
1943,9,2026-01-24,10:30,no_show,6,0
1944,142,2026-01-24,15:30,completed,18,1200
1945,186,2026-01-24,16:00,completed,35,315.0
1946,193,2026-01-24,17:30,completed,8,400
1947,159,2026-01-24,16:45,completed,13,1200
1948,55,2026-01-24,9:00,completed,40,300
1949,146,2026-01-24,17:00,completed,16,1200
1950,189,2026-01-24,9:45,completed,7,300
1951,47,2026-01-24,13:45,completed,38,270.0
1952,179,2026-01-24,13:30,completed,22,800
1953,94,2026-01-24,13:00,completed,17,350
1954,174,2026-01-24,11:30,completed,23,450.0
1955,133,2026-01-24,15:00,cancelled,12,0
1956,73,2026-01-24,8:30,completed,34,300
1957,116,2026-01-24,13:15,completed,30,720.0
1958,47,2026-01-24,14:30,completed,37,200
1959,4,2026-01-24,8:30,completed,16,350
1960,110,2026-01-24,15:45,completed,38,350
1961,173,2026-01-24,14:00,completed,30,800
1962,15,2026-01-24,12:00,completed,39,800
1963,96,2026-01-24,12:00,completed,10,1080.0
1964,55,2026-01-24,15:15,no_show,33,0
1965,43,2026-01-24,17:00,completed,24,400
1966,4,2026-01-24,12:15,completed,29,500
1967,24,2026-01-24,14:30,completed,11,400
1968,141,2026-01-24,10:45,completed,31,720.0
1969,91,2026-01-24,11:00,completed,17,200
1970,175,2026-01-24,17:15,completed,19,360.0
1971,15,2026-01-24,9:30,cancelled,26,0
1972,135,2026-01-24,17:30,completed,13,350
1973,192,2026-01-24,14:15,completed,35,1200
1974,22,2026-01-24,15:00,completed,15,180.0
1975,149,2026-01-24,17:15,completed,23,270.0
1976,49,2026-01-24,13:30,completed,10,270.0
1977,198,2026-01-24,12:15,completed,36,720.0
1978,79,2026-01-24,15:15,completed,28,1200
1979,35,2026-01-24,15:00,cancelled,39,0
1980,66,2026-01-24,17:00,completed,9,400
1981,171,2026-01-24,8:45,completed,8,400
1982,168,2026-01-24,15:15,no_show,7,0
1983,112,2026-01-24,15:30,completed,19,500
1984,176,2026-01-24,14:15,completed,32,270.0
1985,185,2026-01-24,8:45,completed,12,800
1986,66,2026-01-24,14:30,no_show,39,0
1987,189,2026-01-24,12:30,completed,13,200
1988,166,2026-01-24,9:45,completed,33,270.0
1989,11,2026-01-24,16:45,completed,21,300
1990,104,2026-01-24,17:00,completed,39,180.0
1991,177,2026-01-24,11:15,completed,11,200
1992,187,2026-01-24,13:00,completed,8,350
1993,127,2026-01-24,15:30,completed,10,200
1994,160,2026-01-24,15:45,completed,21,270.0
1995,196,2026-01-24,9:15,cancelled,5,0
1996,135,2026-01-24,17:30,completed,15,200
1997,65,2026-01-24,10:00,completed,14,1080.0
1998,168,2026-01-24,17:00,completed,25,1080.0
1999,200,2026-01-24,11:00,completed,37,300
2000,111,2026-01-24,10:15,completed,31,315.0
2001,64,2026-01-24,13:00,completed,16,450.0
2002,141,2026-01-24,14:00,completed,20,400
2003,49,2026-01-24,14:45,completed,20,450.0
2004,113,2026-01-24,13:00,completed,15,315.0
2005,93,2026-01-24,14:45,cancelled,40,0
2006,27,2026-01-24,16:45,completed,31,500
2007,102,2026-01-25,13:45,completed,23,200
2008,141,2026-01-25,8:30,no_show,23,0
2009,126,2026-01-25,16:30,completed,40,800
2010,32,2026-01-25,11:45,cancelled,36,0
2011,109,2026-01-25,10:00,completed,21,300
2012,6,2026-01-25,11:30,completed,21,200
2013,4,2026-01-25,10:45,completed,19,450.0
2014,175,2026-01-25,14:15,completed,30,1200
2015,33,2026-01-25,9:15,completed,24,400
2016,123,2026-01-25,15:30,no_show,37,0
2017,120,2026-01-25,15:15,completed,39,400
2018,161,2026-01-25,9:00,completed,12,300
2019,43,2026-01-25,13:15,completed,17,1200
2020,17,2026-01-25,9:00,completed,15,400
2021,55,2026-01-25,9:15,completed,8,300
2022,49,2026-01-25,12:45,completed,11,350
2023,16,2026-01-25,10:00,completed,32,200
2024,122,2026-01-25,16:00,completed,39,1200
2025,48,2026-01-25,15:45,no_show,40,0
2026,19,2026-01-25,8:15,no_show,13,0
2027,84,2026-01-25,13:45,completed,26,350
2028,19,2026-01-25,16:00,completed,19,800
2029,160,2026-01-25,11:30,completed,22,350
2030,51,2026-01-25,16:15,completed,22,800
2031,68,2026-01-25,10:30,completed,15,500
2032,85,2026-01-25,9:45,completed,33,1200
2033,199,2026-01-25,11:45,completed,8,500
2034,60,2026-01-25,17:00,completed,5,350
2035,163,2026-01-25,8:15,no_show,18,0
2036,157,2026-01-25,14:15,completed,7,400
2037,76,2026-01-25,9:45,completed,40,300
2038,190,2026-01-25,16:15,no_show,28,0
2039,98,2026-01-25,9:15,completed,18,180.0
2040,193,2026-01-25,12:00,completed,28,500
2041,182,2026-01-25,8:45,completed,36,1200
2042,112,2026-01-25,11:45,completed,24,360.0
2043,147,2026-01-25,15:45,completed,13,200
2044,114,2026-01-25,16:45,completed,22,720.0
2045,126,2026-01-25,9:15,completed,31,350
2046,118,2026-01-25,17:15,completed,7,400
2047,175,2026-01-25,17:00,completed,27,300
2048,88,2026-01-25,15:15,no_show,25,0
2049,34,2026-01-25,16:15,completed,33,800
2050,23,2026-01-25,14:15,completed,7,300
2051,158,2026-01-25,13:45,completed,20,800
2052,198,2026-01-25,13:30,completed,21,800
2053,79,2026-01-25,11:30,completed,37,1200
2054,19,2026-01-25,15:45,completed,16,500
2055,15,2026-01-25,11:30,completed,26,1200
2056,38,2026-01-25,12:00,completed,21,400
2057,123,2026-01-25,17:45,no_show,27,0
2058,195,2026-01-25,12:00,completed,12,350
2059,48,2026-01-25,11:30,cancelled,13,0
2060,48,2026-01-25,12:00,completed,22,200
2061,107,2026-01-25,13:30,completed,38,800
2062,143,2026-01-25,9:30,cancelled,21,0
2063,158,2026-01-25,8:00,completed,18,1200
2064,104,2026-01-25,16:15,completed,19,450.0
2065,162,2026-01-25,11:45,completed,18,350
2066,189,2026-01-25,11:45,completed,21,1080.0
2067,100,2026-01-25,9:30,completed,32,350
2068,61,2026-01-25,10:45,no_show,17,0
2069,128,2026-01-25,16:45,completed,39,315.0
2070,71,2026-01-25,15:30,completed,5,1200
2071,85,2026-01-25,13:15,no_show,33,0
2072,134,2026-01-25,17:15,completed,34,180.0
2073,119,2026-01-25,14:15,completed,38,500
2074,98,2026-01-25,17:15,completed,30,400
2075,185,2026-01-25,16:30,completed,29,200
2076,58,2026-01-25,14:00,completed,23,270.0
2077,154,2026-01-25,8:30,no_show,18,0
2078,89,2026-01-25,16:00,completed,19,500
2079,114,2026-01-25,17:00,completed,16,300
2080,16,2026-01-25,12:00,completed,12,800
2081,68,2026-01-26,9:15,completed,35,200
2082,199,2026-01-26,17:00,completed,24,400
2083,71,2026-01-26,15:15,completed,34,500
2084,24,2026-01-26,9:45,completed,8,200
2085,147,2026-01-26,14:00,completed,11,300
2086,48,2026-01-26,9:00,completed,16,1200
2087,124,2026-01-26,10:15,completed,13,1080.0
2088,71,2026-01-26,9:30,completed,37,500
2089,113,2026-01-26,15:30,completed,5,350
2090,39,2026-01-26,17:45,no_show,15,0
2091,21,2026-01-26,12:00,completed,17,500
2092,63,2026-01-26,15:15,completed,25,200
2093,178,2026-01-26,16:00,completed,24,450.0
2094,4,2026-01-26,10:15,completed,11,720.0
2095,71,2026-01-26,17:00,completed,27,1200
2096,162,2026-01-26,13:15,completed,29,800
2097,69,2026-01-26,10:45,completed,6,200
2098,16,2026-01-26,11:30,completed,20,300
2099,115,2026-01-26,13:30,completed,7,800
2100,89,2026-01-26,16:00,completed,9,180.0
2101,198,2026-01-26,11:45,no_show,27,0
2102,198,2026-01-26,9:00,completed,24,200
2103,129,2026-01-26,10:45,completed,5,350
2104,25,2026-01-26,15:30,completed,16,200
2105,153,2026-01-26,14:30,cancelled,33,0
2106,131,2026-01-26,11:45,completed,34,300
2107,113,2026-01-26,14:45,completed,36,350
2108,142,2026-01-26,13:30,completed,19,400
2109,69,2026-01-26,13:30,cancelled,14,0
2110,40,2026-01-26,8:15,completed,27,360.0
2111,27,2026-01-26,10:00,completed,21,1080.0
2112,160,2026-01-26,8:45,completed,34,400
2113,43,2026-01-26,11:00,completed,22,500
2114,173,2026-01-26,15:00,completed,15,1200
2115,92,2026-01-26,13:15,completed,30,400
2116,79,2026-01-26,12:30,completed,15,500
2117,90,2026-01-26,16:00,completed,38,200
2118,11,2026-01-26,16:45,completed,6,500
2119,144,2026-01-26,10:15,completed,35,200
2120,80,2026-01-26,8:45,completed,30,500
2121,187,2026-01-26,15:45,completed,31,800
2122,159,2026-01-26,10:15,completed,14,1080.0
2123,163,2026-01-26,9:45,completed,34,500
2124,200,2026-01-26,14:00,completed,6,500
2125,41,2026-01-26,8:45,cancelled,31,0
2126,124,2026-01-26,9:15,completed,7,350
2127,61,2026-01-26,8:15,completed,7,500
2128,175,2026-01-26,16:15,no_show,6,0
2129,46,2026-01-26,14:30,completed,37,350
2130,134,2026-01-26,16:00,completed,6,400
2131,35,2026-01-26,8:15,completed,8,1080.0
2132,179,2026-01-26,9:30,completed,11,800
2133,31,2026-01-26,17:45,completed,35,1200
2134,60,2026-01-26,9:45,completed,37,400
2135,184,2026-01-26,14:30,completed,15,350
2136,142,2026-01-26,10:00,completed,18,400
2137,166,2026-01-26,16:15,cancelled,14,0
2138,182,2026-01-26,10:15,completed,7,400
2139,194,2026-01-26,8:30,completed,25,1200
2140,127,2026-01-26,11:30,cancelled,34,0
2141,21,2026-01-26,10:30,completed,27,350
2142,63,2026-01-26,8:30,no_show,14,0
2143,78,2026-01-26,15:45,completed,37,180.0
2144,168,2026-01-26,8:30,completed,26,800
2145,73,2026-01-27,9:30,completed,12,500
2146,57,2026-01-27,11:00,completed,33,360.0
2147,193,2026-01-27,9:45,completed,30,315.0
2148,50,2026-01-27,10:00,completed,12,300
2149,105,2026-01-27,8:45,completed,17,450.0
2150,99,2026-01-27,14:15,completed,39,1200
2151,183,2026-01-27,13:30,completed,7,200
2152,145,2026-01-27,13:15,cancelled,37,0
2153,83,2026-01-27,13:15,completed,29,500
2154,123,2026-01-27,12:00,completed,33,1200
2155,151,2026-01-27,10:45,completed,15,270.0
2156,182,2026-01-27,13:00,completed,36,350
2157,32,2026-01-27,15:30,no_show,18,0
2158,24,2026-01-27,15:30,completed,14,300
2159,52,2026-01-27,17:45,completed,26,315.0
2160,11,2026-01-27,11:45,completed,9,500
2161,99,2026-01-27,12:15,completed,25,200
2162,173,2026-01-27,15:45,cancelled,36,0
2163,160,2026-01-27,15:45,cancelled,31,0
2164,76,2026-01-27,12:45,no_show,13,0
2165,63,2026-01-27,13:15,completed,28,300
2166,105,2026-01-27,17:15,completed,8,1200
2167,164,2026-01-27,9:00,completed,29,180.0
2168,158,2026-01-27,13:15,completed,19,300
2169,86,2026-01-27,13:00,no_show,17,0
2170,69,2026-01-27,14:15,cancelled,18,0
2171,17,2026-01-27,13:30,completed,38,200
2172,59,2026-01-27,17:00,completed,28,1200
2173,175,2026-01-27,13:30,completed,5,1080.0
2174,175,2026-01-27,8:00,completed,17,300
2175,157,2026-01-27,17:15,completed,27,500
2176,61,2026-01-27,16:30,completed,40,1200
2177,163,2026-01-27,8:30,completed,7,400
2178,199,2026-01-27,16:15,completed,17,800
2179,139,2026-01-27,10:15,completed,27,400
2180,109,2026-01-27,13:15,completed,21,450.0
2181,181,2026-01-27,17:00,cancelled,33,0
2182,101,2026-01-27,8:00,completed,21,360.0
2183,60,2026-01-27,16:15,completed,17,400
2184,110,2026-01-27,11:45,cancelled,12,0
2185,113,2026-01-27,9:45,no_show,38,0
2186,79,2026-01-27,16:30,completed,18,500
2187,150,2026-01-27,13:30,no_show,6,0
2188,197,2026-01-27,17:15,no_show,7,0
2189,8,2026-01-27,14:15,completed,18,1200
2190,27,2026-01-27,16:15,completed,10,800
2191,196,2026-01-27,15:15,completed,26,400
2192,132,2026-01-27,13:45,completed,35,500
2193,35,2026-01-27,17:15,completed,15,350
2194,152,2026-01-27,17:15,completed,12,800
2195,20,2026-01-27,11:45,completed,34,300
2196,126,2026-01-27,15:00,completed,35,400
2197,56,2026-01-27,15:00,cancelled,31,0
2198,75,2026-01-27,12:15,completed,18,500
2199,116,2026-01-27,11:00,completed,5,800
2200,192,2026-01-27,8:15,completed,14,500
2201,84,2026-01-27,8:45,completed,27,800
2202,45,2026-01-27,14:45,completed,22,1200
2203,14,2026-01-27,14:45,completed,38,200
2204,88,2026-01-27,13:15,no_show,7,0
2205,136,2026-01-27,10:15,no_show,10,0
2206,138,2026-01-27,8:15,completed,13,200
2207,179,2026-01-27,12:30,completed,19,500
2208,194,2026-01-27,8:00,completed,17,1200
2209,88,2026-01-27,15:00,completed,5,350
2210,152,2026-01-27,16:15,completed,28,350
2211,25,2026-01-27,15:45,completed,26,350
2212,93,2026-01-27,14:45,completed,34,400
2213,3,2026-01-27,12:45,no_show,34,0
2214,113,2026-01-27,13:30,completed,13,400
2215,78,2026-01-27,16:00,completed,19,300
2216,9,2026-01-27,10:00,completed,30,800
2217,131,2026-01-27,15:45,completed,11,400
2218,147,2026-01-27,11:30,completed,13,200
2219,113,2026-01-27,14:45,completed,36,500
2220,45,2026-01-27,17:30,completed,14,800
2221,41,2026-01-27,16:00,completed,30,180.0
2222,142,2026-01-27,8:00,cancelled,11,0
2223,200,2026-01-28,15:00,completed,28,360.0
2224,44,2026-01-28,8:15,completed,24,500
2225,101,2026-01-28,17:45,no_show,12,0
2226,32,2026-01-28,17:45,completed,6,350
2227,39,2026-01-28,9:45,cancelled,14,0
2228,155,2026-01-28,16:00,completed,26,500
2229,13,2026-01-28,13:45,completed,40,350
2230,74,2026-01-28,17:30,completed,24,800
2231,128,2026-01-28,13:30,completed,5,300
2232,198,2026-01-28,15:30,completed,23,500
2233,197,2026-01-28,13:15,completed,40,300
2234,157,2026-01-28,17:45,completed,29,500
2235,113,2026-01-28,13:15,completed,39,800
2236,7,2026-01-28,17:00,completed,14,350
2237,192,2026-01-28,8:30,completed,39,180.0
2238,81,2026-01-28,13:00,completed,24,180.0
2239,47,2026-01-28,16:45,completed,18,400
2240,91,2026-01-28,11:15,completed,29,400
2241,161,2026-01-28,13:45,completed,25,800
2242,47,2026-01-28,16:15,completed,27,180.0
2243,139,2026-01-28,10:30,cancelled,20,0
2244,21,2026-01-28,16:00,completed,13,300
2245,66,2026-01-28,13:15,cancelled,36,0
2246,32,2026-01-28,10:00,completed,9,200
2247,70,2026-01-28,15:45,completed,11,300
2248,24,2026-01-28,12:00,completed,15,300
2249,136,2026-01-28,15:45,completed,19,300
2250,175,2026-01-28,15:00,no_show,34,0
2251,18,2026-01-28,11:00,completed,18,180.0
2252,82,2026-01-28,13:30,cancelled,15,0
2253,65,2026-01-28,10:15,completed,13,300
2254,76,2026-01-28,14:00,completed,8,360.0
2255,192,2026-01-28,12:30,completed,33,800
2256,164,2026-01-28,14:00,cancelled,8,0
2257,7,2026-01-28,10:30,completed,26,450.0
2258,35,2026-01-28,11:30,no_show,16,0
2259,20,2026-01-28,13:45,completed,6,800
2260,15,2026-01-28,13:00,completed,15,200
2261,131,2026-01-28,16:00,completed,27,500
2262,118,2026-01-28,14:30,completed,17,800
2263,112,2026-01-28,13:00,completed,27,500
2264,124,2026-01-28,15:15,cancelled,33,0
2265,142,2026-01-28,8:00,completed,11,500
2266,43,2026-01-28,12:30,cancelled,24,0
2267,63,2026-01-28,17:30,completed,32,270.0
2268,15,2026-01-28,9:30,completed,38,300
2269,199,2026-01-29,17:45,completed,27,500
2270,184,2026-01-29,9:30,completed,33,400
2271,132,2026-01-29,10:45,cancelled,7,0
2272,135,2026-01-29,13:00,cancelled,16,0
2273,153,2026-01-29,11:30,completed,6,450.0
2274,19,2026-01-29,15:00,completed,25,300
2275,92,2026-01-29,11:15,completed,37,200
2276,97,2026-01-29,8:00,no_show,33,0
2277,3,2026-01-29,15:45,completed,5,200
2278,140,2026-01-29,16:15,completed,37,180.0
2279,75,2026-01-29,10:15,no_show,9,0
2280,17,2026-01-29,12:15,completed,18,800
2281,190,2026-01-29,15:30,completed,34,500
2282,19,2026-01-29,10:45,no_show,9,0
2283,31,2026-01-29,10:15,cancelled,10,0
2284,156,2026-01-29,9:15,cancelled,32,0
2285,56,2026-01-29,15:30,completed,37,350
2286,22,2026-01-29,10:00,completed,6,400
2287,40,2026-01-29,10:30,completed,36,200
2288,3,2026-01-29,16:15,cancelled,11,0
2289,20,2026-01-29,15:45,completed,35,270.0
2290,107,2026-01-29,8:15,completed,35,400
2291,17,2026-01-29,15:15,completed,8,350
2292,148,2026-01-29,10:00,completed,39,1200
2293,22,2026-01-29,13:15,no_show,21,0
2294,179,2026-01-29,10:45,cancelled,13,0
2295,13,2026-01-29,15:45,completed,20,720.0
2296,94,2026-01-29,12:15,completed,21,1200
2297,18,2026-01-29,14:45,completed,31,200
2298,44,2026-01-29,9:15,no_show,26,0
2299,128,2026-01-29,10:30,cancelled,17,0
2300,9,2026-01-29,8:15,completed,28,400
2301,176,2026-01-29,14:45,completed,37,500
2302,52,2026-01-29,13:30,completed,38,500
2303,87,2026-01-29,17:30,completed,32,500
2304,163,2026-01-29,11:00,completed,32,350
2305,81,2026-01-29,13:45,completed,13,1200
2306,84,2026-01-29,16:00,completed,15,1200
2307,43,2026-01-29,8:30,completed,17,300
2308,95,2026-01-29,10:00,cancelled,37,0
2309,76,2026-01-29,17:45,completed,15,500
2310,129,2026-01-29,16:00,completed,33,500
2311,45,2026-01-29,14:15,completed,21,200
2312,196,2026-01-29,9:30,completed,18,360.0
2313,128,2026-01-29,17:00,completed,6,200
2314,167,2026-01-29,14:45,no_show,16,0
2315,44,2026-01-29,12:15,completed,25,500
2316,14,2026-01-29,11:30,completed,28,350
2317,39,2026-01-29,9:00,no_show,35,0
2318,18,2026-01-29,14:30,completed,14,200
2319,5,2026-01-29,16:45,cancelled,16,0
2320,149,2026-01-29,13:15,completed,34,200
2321,112,2026-01-29,9:45,completed,20,1200
2322,10,2026-01-29,14:15,completed,36,300
2323,146,2026-01-29,15:30,completed,24,350
2324,89,2026-01-29,9:00,completed,16,500
2325,199,2026-01-29,14:30,completed,32,350
2326,115,2026-01-29,8:15,completed,10,400
2327,60,2026-01-29,16:45,completed,6,400
2328,26,2026-01-29,12:15,completed,27,300
2329,98,2026-01-29,8:15,completed,16,400
2330,193,2026-01-29,16:00,completed,33,500
2331,30,2026-01-29,9:15,completed,10,200
2332,18,2026-01-29,10:00,completed,22,350
2333,35,2026-01-29,14:30,completed,10,300
2334,142,2026-01-29,11:45,cancelled,40,0
2335,98,2026-01-29,12:15,completed,30,400
2336,61,2026-01-29,12:00,completed,8,500
2337,30,2026-01-29,16:30,completed,24,315.0
2338,30,2026-01-29,8:45,completed,22,500
2339,148,2026-01-29,9:00,completed,16,1200
2340,135,2026-01-29,16:45,completed,36,1080.0
2341,116,2026-01-29,14:15,cancelled,18,0
2342,196,2026-01-29,11:00,completed,25,315.0
2343,161,2026-01-29,11:00,completed,12,450.0
2344,158,2026-01-29,11:45,completed,26,400
2345,180,2026-01-29,14:30,completed,29,270.0
2346,199,2026-01-29,10:45,no_show,27,0
2347,64,2026-01-29,10:15,completed,24,300
2348,61,2026-01-29,11:15,completed,10,200
2349,182,2026-01-29,17:30,completed,35,1200
2350,112,2026-01-30,12:00,completed,17,270.0
2351,35,2026-01-30,16:00,completed,5,500
2352,138,2026-01-30,9:00,no_show,30,0
2353,35,2026-01-30,16:15,completed,33,400
2354,125,2026-01-30,12:00,completed,7,300
2355,41,2026-01-30,14:45,completed,14,500
2356,29,2026-01-30,10:30,completed,24,720.0
2357,84,2026-01-30,11:00,completed,10,1200
2358,158,2026-01-30,15:00,completed,8,1200
2359,127,2026-01-30,14:30,completed,36,1200
2360,71,2026-01-30,15:45,completed,26,1200
2361,13,2026-01-30,8:45,completed,16,800
2362,81,2026-01-30,8:00,completed,14,300
2363,123,2026-01-30,8:30,completed,20,180.0
2364,119,2026-01-30,15:15,cancelled,10,0
2365,156,2026-01-30,15:30,completed,19,360.0
2366,152,2026-01-30,17:45,completed,15,450.0
2367,35,2026-01-30,17:15,cancelled,32,0
2368,79,2026-01-30,17:00,completed,16,200
2369,157,2026-01-30,9:15,completed,15,270.0
2370,1,2026-01-30,15:00,cancelled,24,0
2371,159,2026-01-30,12:30,completed,32,400
2372,74,2026-01-30,12:00,cancelled,23,0
2373,199,2026-01-30,14:00,completed,23,500
2374,21,2026-01-30,10:30,completed,39,200
2375,80,2026-01-30,13:45,cancelled,31,0
2376,27,2026-01-30,13:15,completed,38,800
2377,8,2026-01-30,11:15,completed,15,350
2378,79,2026-01-30,14:45,completed,16,500
2379,157,2026-01-30,13:45,completed,30,400
2380,121,2026-01-30,11:30,cancelled,27,0
2381,53,2026-01-30,9:00,completed,29,400
2382,134,2026-01-30,16:15,completed,10,200
2383,55,2026-01-30,9:00,completed,24,1200
2384,177,2026-01-30,10:00,completed,18,1200
2385,122,2026-01-30,17:45,completed,39,200
2386,25,2026-01-30,11:45,completed,30,315.0
2387,71,2026-01-30,15:30,completed,20,450.0
2388,27,2026-01-30,13:30,completed,33,350
2389,146,2026-01-30,11:00,completed,16,400
2390,143,2026-01-30,10:30,completed,11,300
2391,55,2026-01-30,14:45,completed,30,200
2392,27,2026-01-30,8:45,completed,18,400
2393,191,2026-01-30,14:45,no_show,28,0
2394,160,2026-01-30,16:00,cancelled,12,0
2395,4,2026-01-30,12:15,completed,33,200
2396,137,2026-01-30,17:00,completed,29,1200
2397,84,2026-01-30,8:00,completed,15,400
2398,136,2026-01-30,11:00,completed,33,500
2399,54,2026-01-30,16:15,completed,6,800
2400,129,2026-01-30,16:15,completed,13,720.0
2401,45,2026-01-30,15:45,completed,18,350
2402,12,2026-01-30,17:30,no_show,26,0
2403,198,2026-01-30,10:45,no_show,30,0
2404,174,2026-01-30,11:15,cancelled,15,0
2405,50,2026-01-30,12:30,completed,8,450.0
2406,182,2026-01-30,10:15,completed,9,350
2407,60,2026-01-30,10:45,completed,7,800
2408,72,2026-01-30,14:30,completed,7,1200
2409,109,2026-01-30,14:30,completed,26,450.0
2410,108,2026-01-31,13:00,completed,9,200
2411,99,2026-01-31,13:30,completed,30,350
2412,44,2026-01-31,8:00,no_show,12,0
2413,103,2026-01-31,9:30,completed,15,800
2414,199,2026-01-31,8:45,completed,22,1200
2415,174,2026-01-31,15:00,completed,34,1200
2416,96,2026-01-31,12:30,cancelled,8,0
2417,10,2026-01-31,17:45,completed,12,800
2418,153,2026-01-31,17:30,completed,16,800
2419,189,2026-01-31,14:00,completed,36,500
2420,138,2026-01-31,9:15,completed,15,360.0
2421,194,2026-01-31,12:30,completed,10,500
2422,134,2026-01-31,8:45,completed,16,1200
2423,11,2026-01-31,10:15,no_show,40,0
2424,25,2026-01-31,16:15,completed,35,350
2425,65,2026-01-31,9:45,completed,21,350
2426,79,2026-01-31,10:00,no_show,34,0
2427,170,2026-01-31,8:30,completed,39,270.0
2428,79,2026-01-31,17:45,completed,15,1200
2429,92,2026-01-31,13:45,completed,26,360.0
2430,91,2026-01-31,13:00,completed,33,450.0
2431,33,2026-01-31,17:15,completed,11,500
2432,13,2026-01-31,8:15,completed,29,720.0
2433,57,2026-01-31,17:15,cancelled,17,0
2434,195,2026-01-31,10:15,completed,16,500
2435,153,2026-01-31,8:45,completed,36,315.0
2436,178,2026-01-31,11:30,completed,38,360.0
2437,95,2026-01-31,15:45,cancelled,17,0
2438,29,2026-01-31,13:30,no_show,5,0
2439,89,2026-01-31,9:00,completed,6,400
2440,165,2026-01-31,16:15,completed,36,300
2441,13,2026-01-31,9:30,completed,6,200
2442,60,2026-01-31,12:15,completed,17,1200
2443,109,2026-01-31,9:30,cancelled,19,0
2444,199,2026-01-31,17:15,completed,11,500
2445,193,2026-01-31,12:15,completed,10,400
2446,25,2026-01-31,13:15,completed,37,200
2447,174,2026-01-31,12:45,completed,26,800
2448,179,2026-01-31,15:15,no_show,37,0
2449,73,2026-01-31,17:45,completed,29,200
2450,32,2026-01-31,10:30,completed,38,500
2451,74,2026-01-31,15:00,completed,37,200
2452,7,2026-01-31,17:00,completed,39,315.0
2453,77,2026-01-31,14:15,completed,21,400
2454,150,2026-01-31,14:00,cancelled,38,0
2455,6,2026-01-31,10:30,cancelled,12,0
2456,161,2026-01-31,16:30,completed,8,800
2457,142,2026-01-31,17:15,cancelled,6,0
2458,45,2026-01-31,17:00,completed,29,450.0
2459,23,2026-01-31,17:30,cancelled,9,0
2460,169,2026-01-31,11:00,completed,37,720.0
2461,69,2026-01-31,8:30,completed,37,200
2462,123,2026-01-31,13:45,completed,26,800
2463,179,2026-01-31,14:45,completed,38,200
2464,185,2026-01-31,11:15,no_show,26,0
2465,41,2026-01-31,13:00,completed,16,1200
2466,163,2026-01-31,10:15,completed,20,300
2467,91,2026-01-31,8:00,cancelled,19,0
2468,169,2026-01-31,16:30,completed,33,300
2469,11,2026-01-31,16:00,completed,16,800
2470,91,2026-01-31,14:30,completed,23,800
2471,36,2026-01-31,11:45,completed,11,270.0
2472,184,2026-01-31,12:45,no_show,35,0
2473,40,2026-02-01,17:15,completed,6,350
2474,12,2026-02-01,12:30,completed,9,200
2475,144,2026-02-01,14:30,completed,20,500
2476,187,2026-02-01,15:45,completed,13,800
2477,15,2026-02-01,10:15,completed,22,1200
2478,82,2026-02-01,14:30,no_show,17,0
2479,109,2026-02-01,10:30,completed,26,1200
2480,7,2026-02-01,13:15,completed,14,500
2481,126,2026-02-01,13:30,completed,23,800
2482,113,2026-02-01,10:00,cancelled,26,0
2483,19,2026-02-01,16:30,completed,23,200
2484,46,2026-02-01,17:15,completed,32,270.0
2485,40,2026-02-01,11:30,completed,14,315.0
2486,196,2026-02-01,9:15,completed,31,1080.0
2487,93,2026-02-01,16:30,completed,9,200
2488,137,2026-02-01,8:15,completed,17,300
2489,19,2026-02-01,17:45,completed,6,200
2490,109,2026-02-01,17:45,completed,15,315.0
2491,130,2026-02-01,13:30,no_show,35,0
2492,172,2026-02-01,10:00,completed,11,200
2493,18,2026-02-01,16:30,cancelled,34,0
2494,9,2026-02-01,14:00,no_show,14,0
2495,175,2026-02-01,9:45,completed,40,1080.0
2496,55,2026-02-01,11:00,completed,36,500
2497,98,2026-02-01,17:15,completed,15,400
2498,130,2026-02-01,17:00,completed,16,200
2499,70,2026-02-01,11:15,completed,29,500
2500,120,2026-02-01,12:45,cancelled,33,0
2501,154,2026-02-01,16:00,completed,21,1200
2502,59,2026-02-01,17:15,completed,32,180.0
2503,170,2026-02-01,9:45,no_show,30,0
2504,73,2026-02-01,10:45,completed,34,1080.0
2505,138,2026-02-01,8:45,no_show,22,0
2506,37,2026-02-01,8:00,no_show,24,0
2507,3,2026-02-01,14:00,no_show,20,0
2508,50,2026-02-01,16:45,completed,33,500
2509,107,2026-02-01,8:30,completed,33,350
2510,109,2026-02-01,11:15,completed,35,1080.0
2511,55,2026-02-01,17:00,completed,33,300
2512,183,2026-02-01,13:45,completed,34,500
2513,26,2026-02-01,13:45,completed,28,500
2514,148,2026-02-01,9:30,completed,39,270.0
2515,62,2026-02-01,16:30,cancelled,5,0
2516,176,2026-02-01,12:00,completed,35,300
2517,72,2026-02-01,13:15,completed,32,720.0
2518,122,2026-02-01,11:45,completed,40,720.0
2519,23,2026-02-01,8:15,completed,23,800
2520,139,2026-02-01,15:30,completed,17,1080.0
2521,116,2026-02-01,8:15,completed,30,400
2522,88,2026-02-01,8:00,completed,7,200
2523,106,2026-02-01,16:15,completed,36,500
2524,114,2026-02-01,12:15,completed,39,180.0
2525,189,2026-02-01,16:45,completed,25,500
2526,131,2026-02-01,10:45,completed,25,200
2527,162,2026-02-01,17:15,completed,34,500
2528,81,2026-02-01,8:00,cancelled,40,0
2529,98,2026-02-01,14:30,cancelled,22,0
2530,25,2026-02-01,15:15,completed,25,450.0
2531,147,2026-02-01,10:30,completed,27,300
2532,129,2026-02-01,14:45,no_show,27,0
2533,116,2026-02-01,9:00,completed,15,1200
2534,134,2026-02-01,17:45,completed,27,300
2535,188,2026-02-01,14:45,completed,9,180.0
2536,158,2026-02-01,15:45,completed,11,300
2537,17,2026-02-01,10:30,completed,32,315.0
2538,49,2026-02-01,13:15,completed,18,300
2539,48,2026-02-01,10:00,completed,17,350
2540,39,2026-02-01,8:15,completed,18,1200
2541,119,2026-02-01,11:00,completed,31,360.0
2542,106,2026-02-01,13:45,completed,23,800
2543,72,2026-02-01,12:30,no_show,22,0
2544,194,2026-02-01,12:45,completed,32,200
2545,31,2026-02-01,15:30,completed,21,500
2546,127,2026-02-01,11:45,no_show,12,0
2547,121,2026-02-02,11:00,completed,29,270.0
2548,1,2026-02-02,11:15,no_show,20,0
2549,33,2026-02-02,8:45,completed,16,300
2550,120,2026-02-02,13:30,completed,31,200
2551,34,2026-02-02,16:00,no_show,22,0
2552,22,2026-02-02,13:30,completed,37,350
2553,135,2026-02-02,8:45,completed,33,300
2554,68,2026-02-02,8:30,completed,19,500
2555,175,2026-02-02,8:00,completed,11,1200
2556,13,2026-02-02,17:45,completed,21,270.0
2557,116,2026-02-02,14:00,completed,24,300
2558,8,2026-02-02,17:15,completed,34,350
2559,158,2026-02-02,14:15,completed,5,350
2560,5,2026-02-02,13:30,no_show,29,0
2561,184,2026-02-02,10:15,completed,14,500
2562,38,2026-02-02,13:15,cancelled,8,0
2563,56,2026-02-02,12:00,completed,30,180.0
2564,81,2026-02-02,12:30,completed,9,400
2565,131,2026-02-02,9:15,no_show,14,0
2566,43,2026-02-02,10:00,no_show,35,0
2567,161,2026-02-02,11:15,completed,22,500
2568,16,2026-02-02,9:15,completed,30,800
2569,120,2026-02-02,10:15,completed,34,1200
2570,111,2026-02-02,11:00,completed,30,1200
2571,92,2026-02-02,10:45,completed,25,400
2572,83,2026-02-02,10:15,completed,5,350
2573,170,2026-02-02,11:15,no_show,23,0
2574,75,2026-02-02,8:15,completed,30,350
2575,36,2026-02-02,8:15,completed,34,360.0
2576,141,2026-02-02,10:30,completed,27,200
2577,76,2026-02-02,14:45,cancelled,15,0
2578,184,2026-02-02,8:00,completed,15,360.0
2579,105,2026-02-02,14:15,completed,29,180.0
2580,145,2026-02-02,15:30,no_show,20,0
2581,69,2026-02-02,16:00,completed,9,350
2582,180,2026-02-02,14:30,no_show,12,0
2583,106,2026-02-02,15:30,completed,26,350
2584,147,2026-02-02,11:00,completed,31,1200
2585,49,2026-02-02,9:00,completed,10,500
2586,29,2026-02-02,16:00,completed,28,500
2587,37,2026-02-02,15:00,completed,31,1200
2588,110,2026-02-02,16:00,completed,22,300
2589,99,2026-02-02,16:00,completed,19,400
2590,1,2026-02-02,16:45,completed,16,315.0
2591,65,2026-02-02,8:15,no_show,34,0
2592,67,2026-02-02,17:00,completed,29,180.0
2593,45,2026-02-02,13:45,completed,39,270.0
2594,147,2026-02-02,11:00,completed,31,300
2595,47,2026-02-02,8:30,completed,19,800
2596,145,2026-02-02,11:00,completed,24,800
2597,92,2026-02-02,10:30,cancelled,22,0
2598,51,2026-02-02,15:15,completed,30,400
2599,93,2026-02-02,10:45,completed,26,1200
2600,80,2026-02-02,12:15,completed,18,200
2601,113,2026-02-02,16:30,completed,35,800
2602,93,2026-02-02,13:00,completed,7,350
2603,51,2026-02-02,14:15,no_show,7,0
2604,27,2026-02-02,17:15,completed,39,720.0
2605,87,2026-02-02,13:45,completed,27,300
2606,31,2026-02-02,17:15,completed,13,400
2607,50,2026-02-02,11:30,completed,36,800
2608,140,2026-02-02,13:00,completed,18,300
2609,198,2026-02-02,13:30,completed,39,500
2610,135,2026-02-02,16:00,no_show,37,0
2611,104,2026-02-02,13:45,completed,27,360.0
2612,68,2026-02-02,12:30,cancelled,12,0
2613,104,2026-02-02,8:30,completed,28,500
2614,103,2026-02-02,15:00,completed,31,315.0
2615,138,2026-02-02,10:45,completed,21,350
2616,122,2026-02-02,12:30,completed,32,200
2617,110,2026-02-02,15:45,no_show,21,0
2618,92,2026-02-02,13:45,completed,23,300
2619,103,2026-02-02,13:30,no_show,6,0
2620,143,2026-02-02,8:00,completed,7,400
2621,78,2026-02-02,9:15,completed,34,270.0
2622,4,2026-02-02,14:45,completed,17,300
2623,151,2026-02-02,14:30,cancelled,26,0
2624,149,2026-02-02,12:30,completed,33,500
2625,32,2026-02-02,14:45,completed,34,360.0
2626,64,2026-02-02,16:00,cancelled,37,0
2627,62,2026-02-02,8:15,completed,33,720.0
2628,12,2026-02-02,15:15,completed,28,360.0
2629,182,2026-02-02,13:00,completed,12,315.0
2630,32,2026-02-02,17:00,completed,14,500
2631,81,2026-02-02,11:30,completed,32,400
2632,53,2026-02-02,17:15,no_show,38,0
2633,90,2026-02-03,12:30,completed,18,720.0
2634,49,2026-02-03,14:30,completed,20,800
2635,192,2026-02-03,15:30,completed,6,800
2636,148,2026-02-03,16:45,completed,6,300
2637,53,2026-02-03,14:00,no_show,35,0
2638,77,2026-02-03,14:00,completed,30,315.0
2639,176,2026-02-03,11:15,completed,23,400
2640,135,2026-02-03,13:45,completed,9,1200
2641,47,2026-02-03,11:30,completed,14,500
2642,179,2026-02-03,12:15,completed,38,1200
2643,85,2026-02-03,13:30,completed,16,1200
2644,14,2026-02-03,15:45,completed,10,800
2645,2,2026-02-03,14:00,no_show,27,0
2646,194,2026-02-03,11:00,completed,20,1200
2647,166,2026-02-03,17:00,completed,11,350
2648,156,2026-02-03,8:30,cancelled,15,0
2649,133,2026-02-03,9:45,cancelled,22,0
2650,69,2026-02-03,11:30,completed,8,315.0
2651,134,2026-02-03,17:30,completed,12,1200
2652,196,2026-02-03,14:15,completed,28,400
2653,8,2026-02-03,11:15,completed,16,1200
2654,82,2026-02-03,9:30,completed,5,800
2655,187,2026-02-03,11:00,completed,25,270.0
2656,139,2026-02-03,16:15,cancelled,38,0
2657,123,2026-02-03,9:00,completed,17,500
2658,29,2026-02-03,9:30,completed,30,400
2659,123,2026-02-03,13:45,completed,18,1200
2660,188,2026-02-03,8:15,completed,33,400
2661,195,2026-02-03,15:15,no_show,23,0
2662,6,2026-02-03,8:15,cancelled,28,0
2663,133,2026-02-03,17:00,cancelled,26,0
2664,18,2026-02-03,12:30,completed,10,350
2665,14,2026-02-03,11:30,completed,36,400
2666,60,2026-02-03,17:00,completed,5,360.0
2667,131,2026-02-03,8:30,completed,23,350
2668,105,2026-02-03,8:00,completed,17,400
2669,143,2026-02-03,14:45,completed,5,200
2670,53,2026-02-03,15:45,completed,27,300
2671,63,2026-02-03,17:30,completed,13,270.0
2672,101,2026-02-03,14:00,no_show,24,0
2673,187,2026-02-03,11:45,completed,33,300
2674,146,2026-02-03,15:30,completed,19,1080.0
2675,61,2026-02-03,12:15,completed,35,1200
2676,44,2026-02-03,15:45,completed,24,200
2677,95,2026-02-03,12:15,completed,6,315.0
2678,109,2026-02-03,11:45,completed,13,1080.0
2679,13,2026-02-03,9:15,completed,32,400
2680,143,2026-02-03,8:30,completed,7,800
2681,73,2026-02-03,15:45,completed,26,500
2682,156,2026-02-03,13:45,completed,8,400
2683,133,2026-02-03,14:00,cancelled,25,0
2684,109,2026-02-03,17:15,completed,22,1200
2685,125,2026-02-03,13:15,completed,20,1200
2686,119,2026-02-03,17:00,completed,27,300
2687,135,2026-02-03,15:45,completed,38,1200
2688,98,2026-02-03,11:15,completed,30,500
2689,36,2026-02-03,15:30,completed,40,500
2690,109,2026-02-03,10:30,completed,10,360.0
2691,106,2026-02-03,10:00,completed,37,270.0
2692,161,2026-02-03,13:45,completed,24,315.0
2693,188,2026-02-03,16:45,completed,22,300
2694,113,2026-02-03,9:00,completed,21,500
2695,51,2026-02-03,14:45,completed,8,200
2696,28,2026-02-03,16:15,completed,12,400
2697,146,2026-02-03,17:00,completed,36,350
2698,81,2026-02-03,14:15,cancelled,36,0
2699,192,2026-02-03,13:45,completed,25,300
2700,36,2026-02-03,16:00,completed,13,500
2701,1,2026-02-03,17:45,completed,17,300
2702,64,2026-02-03,12:15,completed,29,720.0
2703,141,2026-02-03,10:30,completed,30,360.0
2704,104,2026-02-03,15:30,completed,26,800
2705,163,2026-02-03,14:15,completed,28,500
2706,50,2026-02-03,9:45,completed,11,300
2707,58,2026-02-03,17:00,completed,24,500
2708,45,2026-02-03,10:15,completed,18,1200
2709,35,2026-02-03,17:30,completed,29,300
2710,50,2026-02-03,11:15,completed,17,350
2711,148,2026-02-03,9:45,completed,8,500
2712,151,2026-02-04,11:15,completed,5,360.0
2713,78,2026-02-04,15:00,completed,23,350
2714,71,2026-02-04,14:30,completed,30,400
2715,197,2026-02-04,16:30,completed,36,350
2716,122,2026-02-04,10:30,completed,19,315.0
2717,11,2026-02-04,8:45,completed,20,500
2718,145,2026-02-04,12:45,no_show,11,0
2719,101,2026-02-04,16:30,completed,39,500
2720,156,2026-02-04,11:15,completed,30,500
2721,29,2026-02-04,10:00,completed,34,1200
2722,143,2026-02-04,17:15,completed,19,800
2723,180,2026-02-04,14:00,completed,12,200
2724,172,2026-02-04,11:45,no_show,15,0
2725,39,2026-02-04,12:15,completed,23,300
2726,186,2026-02-04,10:30,completed,16,800
2727,58,2026-02-04,8:00,completed,38,800
2728,185,2026-02-04,8:15,completed,26,1200
2729,97,2026-02-04,9:45,completed,30,500
2730,21,2026-02-04,12:00,completed,12,200
2731,52,2026-02-04,12:45,completed,12,200
2732,125,2026-02-04,8:45,completed,25,500
2733,137,2026-02-04,17:15,completed,30,1200
2734,16,2026-02-04,13:30,completed,29,720.0
2735,184,2026-02-04,10:30,completed,27,800
2736,110,2026-02-04,13:15,completed,8,720.0
2737,106,2026-02-04,8:00,cancelled,12,0
2738,4,2026-02-04,9:15,completed,30,350
2739,73,2026-02-04,8:15,completed,16,350
2740,62,2026-02-04,15:00,completed,36,350
2741,160,2026-02-04,17:30,cancelled,38,0
2742,179,2026-02-04,8:45,completed,17,400
2743,164,2026-02-04,17:00,no_show,20,0
2744,162,2026-02-04,14:30,completed,36,350
2745,139,2026-02-04,17:45,completed,6,800
2746,180,2026-02-04,12:45,completed,6,300
2747,199,2026-02-04,16:15,completed,18,360.0
2748,146,2026-02-04,13:00,completed,13,400
2749,109,2026-02-04,9:30,completed,17,300
2750,39,2026-02-04,17:30,completed,35,300
2751,155,2026-02-04,8:00,completed,18,200
2752,49,2026-02-04,12:15,completed,14,315.0
2753,115,2026-02-04,14:15,completed,25,1200
2754,110,2026-02-04,9:00,completed,15,1200
2755,103,2026-02-04,12:15,completed,32,400
2756,127,2026-02-04,12:45,completed,12,300
2757,190,2026-02-04,10:15,completed,6,200
2758,4,2026-02-04,11:00,completed,34,300
2759,97,2026-02-04,8:45,completed,34,500
2760,173,2026-02-04,11:00,no_show,34,0
2761,36,2026-02-04,8:00,completed,35,1200
2762,42,2026-02-04,8:45,no_show,15,0
2763,181,2026-02-04,13:15,cancelled,30,0
2764,95,2026-02-04,17:30,completed,30,180.0
2765,130,2026-02-04,17:15,no_show,20,0
2766,135,2026-02-04,13:45,no_show,13,0
2767,190,2026-02-04,17:00,completed,9,1080.0
2768,90,2026-02-04,16:15,no_show,32,0
2769,193,2026-02-04,8:45,completed,14,1080.0
2770,194,2026-02-04,12:45,completed,13,350
2771,170,2026-02-04,15:30,no_show,36,0
2772,111,2026-02-04,13:30,completed,36,1200
2773,21,2026-02-04,8:15,completed,14,720.0
2774,153,2026-02-04,14:00,completed,11,1080.0
2775,81,2026-02-04,13:30,completed,12,1200
2776,80,2026-02-04,13:15,completed,22,800
2777,26,2026-02-05,17:00,no_show,14,0
2778,184,2026-02-05,17:30,completed,14,450.0
2779,32,2026-02-05,9:15,completed,16,1200
2780,41,2026-02-05,10:30,cancelled,5,0
2781,109,2026-02-05,12:00,completed,12,180.0
2782,156,2026-02-05,13:30,completed,31,720.0
2783,135,2026-02-05,9:15,completed,16,400
2784,25,2026-02-05,15:30,completed,32,400
2785,98,2026-02-05,15:30,cancelled,19,0
2786,33,2026-02-05,11:45,completed,9,500
2787,15,2026-02-05,9:00,completed,7,400
2788,17,2026-02-05,13:00,cancelled,18,0
2789,122,2026-02-05,15:45,completed,40,270.0
2790,53,2026-02-05,10:30,completed,28,1200
2791,173,2026-02-05,12:00,completed,24,315.0
2792,170,2026-02-05,12:30,cancelled,18,0
2793,49,2026-02-05,8:15,completed,26,300
2794,107,2026-02-05,13:45,no_show,6,0
2795,200,2026-02-05,13:45,completed,39,800
2796,66,2026-02-05,9:45,completed,12,300
2797,49,2026-02-05,8:45,completed,14,270.0
2798,184,2026-02-05,17:45,completed,38,350
2799,156,2026-02-05,9:45,completed,26,500
2800,107,2026-02-05,17:30,completed,39,180.0
2801,33,2026-02-05,9:15,completed,28,270.0
2802,175,2026-02-05,12:00,completed,27,500
2803,80,2026-02-05,11:30,completed,26,400
2804,132,2026-02-05,13:15,completed,36,450.0
2805,145,2026-02-05,16:45,completed,39,360.0
2806,116,2026-02-05,14:15,completed,36,1080.0
2807,54,2026-02-05,16:45,completed,18,1200
2808,85,2026-02-05,14:30,completed,30,270.0
2809,29,2026-02-05,11:45,completed,26,300
2810,135,2026-02-05,10:45,completed,10,300
2811,9,2026-02-05,17:30,cancelled,13,0
2812,86,2026-02-05,15:30,completed,12,500
2813,126,2026-02-05,10:00,cancelled,5,0
2814,71,2026-02-05,9:30,no_show,26,0
2815,197,2026-02-05,9:30,completed,25,300
2816,159,2026-02-05,12:30,completed,15,350
2817,16,2026-02-05,10:00,cancelled,20,0
2818,183,2026-02-05,15:45,completed,33,350
2819,174,2026-02-05,13:00,completed,10,200
2820,44,2026-02-05,13:30,completed,28,200
2821,106,2026-02-05,16:00,completed,38,400
2822,35,2026-02-05,17:00,completed,16,500
2823,36,2026-02-06,13:15,completed,30,400
2824,196,2026-02-06,10:00,completed,33,300
2825,62,2026-02-06,15:30,completed,22,200
2826,63,2026-02-06,10:30,completed,33,360.0
2827,167,2026-02-06,9:15,completed,7,360.0
2828,44,2026-02-06,15:15,no_show,39,0
2829,33,2026-02-06,16:30,completed,34,300
2830,178,2026-02-06,13:45,cancelled,27,0
2831,48,2026-02-06,9:30,completed,40,720.0
2832,34,2026-02-06,14:45,completed,15,350
2833,164,2026-02-06,15:15,completed,31,1200
2834,62,2026-02-06,11:45,completed,18,400
2835,143,2026-02-06,17:00,completed,24,500
2836,124,2026-02-06,9:45,completed,30,800
2837,18,2026-02-06,15:45,completed,40,450.0
2838,48,2026-02-06,11:30,no_show,9,0
2839,22,2026-02-06,12:15,completed,24,1200
2840,73,2026-02-06,14:00,completed,33,400
2841,92,2026-02-06,9:15,completed,10,400
2842,177,2026-02-06,16:30,completed,18,450.0
2843,145,2026-02-06,10:30,completed,40,500
2844,146,2026-02-06,10:30,completed,10,1200
2845,61,2026-02-06,10:15,completed,24,800
2846,179,2026-02-06,10:15,completed,19,1200
2847,183,2026-02-06,8:00,no_show,39,0
2848,76,2026-02-06,10:30,completed,17,200
2849,108,2026-02-06,14:15,completed,36,350
2850,105,2026-02-06,14:30,completed,24,800
2851,92,2026-02-06,15:00,completed,39,500
2852,89,2026-02-06,14:00,completed,34,200
2853,76,2026-02-06,13:00,cancelled,17,0
2854,61,2026-02-06,16:30,completed,32,800
2855,95,2026-02-06,13:15,cancelled,15,0
2856,33,2026-02-06,9:00,completed,7,200
2857,166,2026-02-06,16:00,completed,38,200
2858,105,2026-02-06,8:15,completed,34,1200
2859,70,2026-02-06,12:30,cancelled,26,0
2860,56,2026-02-06,14:30,completed,11,315.0
2861,162,2026-02-06,11:45,completed,25,500
2862,189,2026-02-06,8:15,completed,20,200
2863,75,2026-02-06,17:00,completed,6,450.0
2864,109,2026-02-06,15:15,completed,29,200
2865,134,2026-02-06,13:45,completed,26,800
2866,100,2026-02-06,16:15,completed,26,400
2867,191,2026-02-06,17:45,completed,40,800
2868,34,2026-02-06,11:30,completed,24,500
2869,21,2026-02-06,10:45,completed,31,350
2870,1,2026-02-06,13:00,completed,9,720.0
2871,51,2026-02-06,17:00,no_show,5,0
2872,109,2026-02-06,12:30,completed,8,350
2873,18,2026-02-06,14:00,completed,37,500
2874,196,2026-02-06,8:45,completed,25,500
2875,79,2026-02-06,12:00,completed,36,400
2876,185,2026-02-06,13:30,no_show,12,0
2877,26,2026-02-06,16:30,completed,39,1200
2878,173,2026-02-06,8:30,no_show,33,0
2879,115,2026-02-06,13:00,completed,19,800
2880,70,2026-02-06,10:45,completed,29,350
2881,100,2026-02-06,9:15,completed,40,400
2882,19,2026-02-06,8:00,completed,7,500
2883,146,2026-02-06,15:45,completed,22,1200
2884,101,2026-02-06,11:00,no_show,21,0
2885,93,2026-02-06,16:30,completed,17,270.0
2886,82,2026-02-06,8:00,completed,5,300
2887,105,2026-02-06,16:15,no_show,28,0
2888,118,2026-02-06,17:45,completed,7,500
2889,157,2026-02-06,13:45,completed,5,800
2890,123,2026-02-06,14:30,completed,31,400
2891,35,2026-02-06,9:30,completed,38,400
2892,136,2026-02-06,16:00,completed,16,180.0
2893,15,2026-02-06,12:30,completed,9,300
2894,61,2026-02-06,12:00,no_show,10,0
2895,179,2026-02-06,8:15,no_show,25,0
2896,37,2026-02-06,8:00,completed,24,800
2897,107,2026-02-06,17:00,completed,18,1200
2898,39,2026-02-06,12:45,completed,38,1200
2899,108,2026-02-06,11:00,completed,19,350
2900,178,2026-02-06,14:45,completed,37,800
2901,74,2026-02-06,8:00,completed,9,1200
2902,54,2026-02-06,16:15,completed,20,315.0
2903,49,2026-02-06,12:45,no_show,8,0
2904,14,2026-02-06,16:30,completed,22,200
2905,176,2026-02-06,10:15,no_show,22,0
2906,30,2026-02-06,17:45,completed,29,800
2907,119,2026-02-06,8:30,completed,27,180.0
2908,114,2026-02-06,16:15,completed,33,400
2909,54,2026-02-06,14:30,completed,25,1200
2910,7,2026-02-06,8:15,completed,28,200
2911,180,2026-02-07,15:15,completed,30,800
2912,46,2026-02-07,13:00,completed,29,1080.0
2913,166,2026-02-07,17:00,completed,19,200
2914,47,2026-02-07,15:00,completed,11,200
2915,101,2026-02-07,17:45,cancelled,14,0
2916,79,2026-02-07,16:00,completed,13,300
2917,74,2026-02-07,9:00,completed,23,500
2918,124,2026-02-07,12:15,no_show,20,0
2919,146,2026-02-07,8:15,no_show,32,0
2920,111,2026-02-07,10:45,completed,13,200
2921,95,2026-02-07,12:45,completed,20,1200
2922,175,2026-02-07,8:45,no_show,20,0
2923,153,2026-02-07,13:45,completed,6,300
2924,126,2026-02-07,15:30,completed,39,1080.0
2925,81,2026-02-07,16:30,no_show,31,0
2926,17,2026-02-07,13:00,completed,17,200
2927,140,2026-02-07,9:00,completed,12,360.0
2928,38,2026-02-07,13:45,completed,25,200
2929,192,2026-02-07,15:45,completed,16,500
2930,110,2026-02-07,14:30,completed,17,200
2931,33,2026-02-07,10:30,completed,39,1200
2932,193,2026-02-07,11:15,completed,14,315.0
2933,44,2026-02-07,13:00,completed,5,350
2934,199,2026-02-07,17:15,completed,17,360.0
2935,102,2026-02-07,10:30,no_show,17,0
2936,35,2026-02-07,14:45,completed,28,800
2937,29,2026-02-07,8:30,completed,7,1200
2938,132,2026-02-07,10:45,completed,37,200
2939,79,2026-02-07,13:00,completed,30,400
2940,14,2026-02-07,12:45,completed,20,450.0
2941,67,2026-02-07,10:45,completed,29,200
2942,100,2026-02-07,10:30,completed,10,360.0
2943,91,2026-02-07,9:45,completed,21,800
2944,60,2026-02-07,9:45,completed,6,200
2945,151,2026-02-07,17:15,completed,9,500
2946,174,2026-02-07,17:45,completed,31,1200
2947,121,2026-02-07,8:45,completed,29,200
2948,38,2026-02-07,11:45,no_show,14,0
2949,126,2026-02-07,12:00,completed,20,800
2950,47,2026-02-07,12:45,completed,22,200
2951,93,2026-02-07,8:15,no_show,15,0
2952,22,2026-02-07,16:30,completed,20,315.0
2953,150,2026-02-07,10:45,completed,33,350
2954,154,2026-02-07,17:00,completed,7,200
2955,38,2026-02-07,12:45,completed,35,800
2956,9,2026-02-07,9:15,completed,10,300
2957,126,2026-02-07,11:30,no_show,37,0
2958,20,2026-02-07,13:15,completed,39,360.0
2959,162,2026-02-07,17:30,completed,26,1200
2960,132,2026-02-07,16:30,completed,7,300
2961,32,2026-02-07,17:30,completed,14,800
2962,105,2026-02-07,17:30,no_show,24,0
2963,128,2026-02-07,11:30,completed,25,1080.0
2964,169,2026-02-07,16:15,completed,29,350
2965,64,2026-02-07,12:30,completed,29,200
2966,168,2026-02-07,16:00,completed,12,350
2967,139,2026-02-07,12:00,completed,7,360.0
2968,2,2026-02-07,9:45,completed,23,200
2969,47,2026-02-07,14:45,completed,32,360.0
2970,7,2026-02-07,17:45,completed,11,350
2971,99,2026-02-07,14:00,completed,13,450.0
2972,72,2026-02-07,9:15,completed,5,270.0
2973,113,2026-02-07,10:30,completed,35,200
2974,46,2026-02-07,16:00,completed,31,1200
2975,32,2026-02-07,11:45,completed,39,300
2976,154,2026-02-07,14:00,completed,20,350
2977,78,2026-02-07,12:15,completed,11,1080.0
2978,59,2026-02-07,12:00,completed,14,500
2979,198,2026-02-07,15:00,completed,40,1200
2980,169,2026-02-07,16:30,completed,39,300
2981,86,2026-02-08,15:15,completed,35,300
2982,85,2026-02-08,15:15,completed,30,500
2983,49,2026-02-08,15:15,completed,21,300
2984,143,2026-02-08,12:15,no_show,15,0
2985,195,2026-02-08,12:45,completed,7,500
2986,185,2026-02-08,15:00,no_show,18,0
2987,138,2026-02-08,12:45,completed,9,200
2988,15,2026-02-08,11:45,completed,18,350
2989,60,2026-02-08,8:30,completed,8,300
2990,45,2026-02-08,14:00,completed,20,400
2991,15,2026-02-08,11:30,completed,34,1200
2992,93,2026-02-08,12:15,completed,32,1200
2993,48,2026-02-08,10:15,completed,6,500
2994,144,2026-02-08,11:30,completed,16,350
2995,126,2026-02-08,15:45,completed,10,400
2996,50,2026-02-08,9:45,completed,19,350
2997,193,2026-02-08,10:45,completed,13,800
2998,2,2026-02-08,11:15,no_show,20,0
2999,190,2026-02-08,15:30,completed,15,1200
3000,186,2026-02-08,16:45,completed,14,500
3001,66,2026-02-08,16:45,completed,38,1200
3002,107,2026-02-08,11:00,completed,15,200
3003,1,2026-02-08,12:00,completed,10,800
3004,111,2026-02-08,8:30,completed,19,350
3005,189,2026-02-08,11:30,completed,31,400
3006,164,2026-02-08,15:00,completed,25,400
3007,16,2026-02-08,8:30,completed,26,1200
3008,57,2026-02-08,16:45,completed,37,350
3009,91,2026-02-08,11:15,completed,5,300
3010,147,2026-02-08,16:15,cancelled,12,0
3011,77,2026-02-08,15:00,completed,8,500
3012,142,2026-02-08,14:45,completed,28,450.0
3013,147,2026-02-08,11:15,completed,9,200
3014,197,2026-02-08,15:15,completed,7,1080.0
3015,92,2026-02-08,11:45,completed,13,270.0
3016,35,2026-02-08,14:30,no_show,29,0
3017,55,2026-02-08,17:30,completed,9,1200
3018,89,2026-02-08,8:00,completed,27,500
3019,187,2026-02-08,15:15,completed,16,800
3020,32,2026-02-08,17:30,no_show,24,0
3021,106,2026-02-08,16:00,completed,25,300
3022,17,2026-02-08,10:30,completed,31,400
3023,22,2026-02-08,8:00,completed,18,720.0
3024,113,2026-02-08,8:15,completed,10,450.0
3025,115,2026-02-08,16:30,completed,9,1200
3026,57,2026-02-08,14:00,completed,17,360.0
3027,174,2026-02-08,14:45,completed,13,360.0
3028,38,2026-02-08,8:30,completed,35,450.0
3029,127,2026-02-08,9:00,cancelled,21,0
3030,101,2026-02-08,16:00,completed,10,450.0
3031,120,2026-02-08,12:15,completed,27,360.0
3032,101,2026-02-08,11:45,completed,14,270.0
3033,182,2026-02-08,17:15,completed,15,1080.0
3034,30,2026-02-08,11:15,completed,5,1200
3035,147,2026-02-09,15:45,completed,39,270.0
3036,182,2026-02-09,13:30,completed,11,360.0
3037,22,2026-02-09,8:00,no_show,22,0
3038,192,2026-02-09,13:15,completed,9,500
3039,195,2026-02-09,13:15,completed,9,315.0
3040,104,2026-02-09,9:15,completed,36,200
3041,136,2026-02-09,12:00,completed,23,800
3042,86,2026-02-09,8:15,completed,12,500
3043,126,2026-02-09,15:30,completed,6,360.0
3044,161,2026-02-09,9:30,completed,20,350
3045,115,2026-02-09,17:45,cancelled,19,0
3046,81,2026-02-09,14:00,completed,17,350
3047,54,2026-02-09,14:45,completed,34,200
3048,199,2026-02-09,14:15,completed,10,1200
3049,131,2026-02-09,11:45,completed,29,720.0
3050,31,2026-02-09,15:00,completed,36,1200
3051,200,2026-02-09,10:30,completed,6,500
3052,124,2026-02-09,11:15,no_show,19,0
3053,114,2026-02-09,17:15,no_show,27,0
3054,38,2026-02-09,17:00,completed,20,200
3055,146,2026-02-09,11:00,completed,5,315.0
3056,1,2026-02-09,9:00,completed,5,200
3057,24,2026-02-09,17:30,completed,16,300
3058,148,2026-02-09,14:15,cancelled,28,0
3059,21,2026-02-09,14:15,completed,27,450.0
3060,10,2026-02-09,13:00,completed,18,180.0
3061,172,2026-02-09,9:00,completed,13,300
3062,53,2026-02-09,15:30,completed,31,1080.0
3063,186,2026-02-09,10:15,no_show,14,0
3064,59,2026-02-09,12:30,completed,31,300
3065,133,2026-02-09,8:00,no_show,24,0
3066,184,2026-02-09,14:15,completed,25,800
3067,94,2026-02-09,17:15,completed,29,300
3068,185,2026-02-09,8:15,completed,30,450.0
3069,45,2026-02-09,11:00,completed,20,800
3070,149,2026-02-09,16:00,completed,34,300
3071,193,2026-02-09,10:00,no_show,21,0
3072,100,2026-02-09,16:30,cancelled,38,0
3073,4,2026-02-09,11:15,completed,34,1080.0
3074,84,2026-02-09,14:30,completed,19,1080.0
3075,92,2026-02-09,13:15,completed,6,500
3076,176,2026-02-09,17:15,completed,17,500
3077,28,2026-02-09,12:00,no_show,35,0
3078,130,2026-02-09,17:00,completed,26,800
3079,110,2026-02-09,12:45,cancelled,20,0
3080,35,2026-02-09,15:00,completed,28,400
3081,103,2026-02-09,12:30,completed,10,450.0
3082,21,2026-02-09,14:15,no_show,6,0
3083,17,2026-02-09,12:30,no_show,19,0
3084,150,2026-02-09,17:15,completed,36,450.0
3085,171,2026-02-09,8:45,completed,17,800
3086,51,2026-02-09,10:00,no_show,7,0
3087,157,2026-02-09,13:30,completed,34,300
3088,171,2026-02-09,11:15,completed,38,200
3089,99,2026-02-09,8:30,completed,8,800
3090,115,2026-02-09,13:45,cancelled,17,0
3091,22,2026-02-09,8:00,completed,37,500
3092,195,2026-02-09,8:15,completed,9,180.0
3093,197,2026-02-09,10:30,completed,34,400
3094,52,2026-02-09,10:30,completed,15,500
3095,30,2026-02-09,16:45,completed,31,300
3096,28,2026-02-09,14:15,no_show,25,0
3097,179,2026-02-09,9:45,completed,5,360.0
3098,178,2026-02-09,15:30,no_show,10,0
3099,140,2026-02-09,15:45,no_show,36,0
3100,2,2026-02-09,13:30,completed,16,1200
3101,5,2026-02-09,13:15,completed,31,360.0
3102,147,2026-02-09,15:45,completed,16,1200
3103,13,2026-02-09,8:30,completed,26,200
3104,46,2026-02-09,14:15,no_show,9,0
3105,52,2026-02-09,9:15,completed,7,300
3106,139,2026-02-09,14:45,completed,38,300
3107,128,2026-02-09,17:45,completed,12,270.0
3108,45,2026-02-09,10:45,completed,13,300
3109,76,2026-02-10,11:15,completed,19,400
3110,156,2026-02-10,12:15,completed,7,800
3111,6,2026-02-10,8:45,cancelled,14,0
3112,137,2026-02-10,13:00,completed,39,350
3113,61,2026-02-10,8:30,completed,18,200
3114,88,2026-02-10,8:15,completed,38,315.0
3115,196,2026-02-10,8:00,completed,29,1200
3116,102,2026-02-10,10:00,no_show,37,0
3117,154,2026-02-10,17:30,completed,32,200
3118,62,2026-02-10,8:15,completed,24,1200
3119,20,2026-02-10,10:45,cancelled,40,0
3120,87,2026-02-10,14:30,completed,31,350
3121,135,2026-02-10,12:45,completed,26,400
3122,146,2026-02-10,14:15,completed,31,1080.0
3123,167,2026-02-10,10:45,completed,29,200
3124,178,2026-02-10,16:45,completed,31,350
3125,183,2026-02-10,16:30,completed,36,200
3126,7,2026-02-10,8:15,completed,13,300
3127,13,2026-02-10,13:15,completed,31,1080.0
3128,103,2026-02-10,12:15,no_show,14,0
3129,21,2026-02-10,12:30,completed,26,1080.0
3130,1,2026-02-10,8:45,completed,17,500
3131,110,2026-02-10,12:15,completed,14,350
3132,172,2026-02-10,8:30,completed,11,500
3133,69,2026-02-10,14:30,cancelled,22,0
3134,75,2026-02-10,10:00,cancelled,11,0
3135,25,2026-02-10,17:00,completed,38,200
3136,97,2026-02-10,9:30,completed,36,200
3137,70,2026-02-10,11:30,completed,34,360.0
3138,99,2026-02-10,17:15,cancelled,7,0
3139,86,2026-02-10,10:45,completed,9,200
3140,66,2026-02-10,10:15,completed,24,800
3141,50,2026-02-10,10:30,cancelled,36,0
3142,37,2026-02-10,9:15,completed,11,720.0
3143,187,2026-02-10,10:30,completed,7,400
3144,186,2026-02-10,15:45,completed,32,500
3145,115,2026-02-10,10:30,no_show,11,0
3146,65,2026-02-10,15:15,completed,19,200
3147,171,2026-02-10,17:30,completed,36,800
3148,195,2026-02-10,15:30,completed,32,315.0
3149,185,2026-02-10,17:00,completed,20,400
3150,143,2026-02-10,16:30,completed,28,360.0
3151,165,2026-02-10,12:15,completed,9,200
3152,121,2026-02-10,12:15,completed,21,1200
3153,145,2026-02-10,11:45,no_show,6,0
3154,186,2026-02-10,15:30,completed,40,180.0
3155,30,2026-02-10,14:30,completed,24,350
3156,58,2026-02-10,17:15,completed,30,400
3157,177,2026-02-10,13:45,completed,18,300
3158,115,2026-02-10,16:30,completed,39,1200
3159,26,2026-02-10,9:00,completed,15,350
3160,173,2026-02-10,12:30,no_show,10,0
3161,97,2026-02-10,11:00,completed,7,270.0
3162,14,2026-02-10,14:00,no_show,11,0
3163,77,2026-02-10,15:45,completed,36,800
3164,51,2026-02-10,10:30,completed,29,800
3165,88,2026-02-10,15:00,completed,27,350
3166,73,2026-02-11,12:45,completed,31,300
3167,24,2026-02-11,17:00,no_show,38,0
3168,191,2026-02-11,11:30,completed,27,200
3169,58,2026-02-11,9:15,completed,39,1080.0
3170,114,2026-02-11,9:15,completed,31,200
3171,78,2026-02-11,17:15,completed,27,1200
3172,131,2026-02-11,11:15,completed,26,720.0
3173,29,2026-02-11,9:45,completed,31,300
3174,21,2026-02-11,11:30,completed,22,180.0
3175,178,2026-02-11,12:30,completed,29,720.0
3176,182,2026-02-11,14:15,completed,24,400
3177,127,2026-02-11,8:45,completed,17,270.0
3178,19,2026-02-11,17:30,completed,5,400
3179,39,2026-02-11,16:00,completed,39,1200
3180,90,2026-02-11,14:30,completed,14,350
3181,94,2026-02-11,17:45,completed,15,500
3182,169,2026-02-11,10:30,completed,18,315.0
3183,69,2026-02-11,10:15,completed,5,300
3184,87,2026-02-11,17:00,completed,16,360.0
3185,106,2026-02-11,10:45,completed,19,400
3186,26,2026-02-11,10:45,cancelled,25,0
3187,174,2026-02-11,12:15,cancelled,10,0
3188,51,2026-02-11,12:15,completed,32,1080.0
3189,149,2026-02-11,9:45,completed,15,800
3190,133,2026-02-11,13:30,completed,5,1200
3191,90,2026-02-11,9:15,completed,30,500
3192,48,2026-02-11,16:45,completed,27,200
3193,81,2026-02-11,11:30,completed,18,500
3194,126,2026-02-11,12:45,completed,35,720.0
3195,179,2026-02-11,10:30,cancelled,17,0
3196,38,2026-02-11,17:15,cancelled,34,0
3197,100,2026-02-11,16:45,completed,29,800
3198,65,2026-02-11,17:30,completed,40,1200
3199,5,2026-02-11,14:30,completed,20,200
3200,50,2026-02-11,8:45,completed,18,400
3201,131,2026-02-11,12:30,completed,12,180.0
3202,166,2026-02-11,15:45,completed,30,200
3203,140,2026-02-11,16:15,completed,6,400
3204,95,2026-02-11,17:15,completed,20,500
3205,10,2026-02-11,16:15,completed,10,300
3206,183,2026-02-11,16:15,completed,19,1200
3207,182,2026-02-11,10:45,completed,20,720.0
3208,59,2026-02-11,9:00,completed,30,315.0
3209,102,2026-02-11,8:30,no_show,32,0
3210,19,2026-02-11,14:30,completed,31,450.0
3211,23,2026-02-11,11:15,completed,21,300
3212,70,2026-02-11,11:30,completed,13,350
3213,106,2026-02-11,15:45,completed,35,350
3214,104,2026-02-11,9:30,no_show,10,0
3215,71,2026-02-11,17:15,completed,24,180.0
3216,81,2026-02-11,11:00,completed,36,500
3217,72,2026-02-11,8:00,completed,38,1200
3218,177,2026-02-11,9:30,completed,38,500
3219,162,2026-02-11,15:15,completed,19,350
3220,130,2026-02-11,11:15,completed,13,200
3221,5,2026-02-11,11:15,completed,25,400
3222,62,2026-02-12,11:30,completed,32,360.0
3223,58,2026-02-12,17:00,completed,20,800
3224,106,2026-02-12,17:00,no_show,8,0
3225,42,2026-02-12,9:45,completed,5,300
3226,4,2026-02-12,12:00,cancelled,36,0
3227,61,2026-02-12,17:45,completed,9,800
3228,71,2026-02-12,12:00,completed,24,200
3229,4,2026-02-12,10:15,completed,35,360.0
3230,134,2026-02-12,10:45,cancelled,6,0
3231,37,2026-02-12,9:00,completed,21,450.0
3232,76,2026-02-12,12:15,completed,37,800
3233,78,2026-02-12,15:15,completed,34,315.0
3234,44,2026-02-12,14:15,completed,37,350
3235,69,2026-02-12,13:30,no_show,12,0
3236,3,2026-02-12,15:30,completed,35,200
3237,193,2026-02-12,15:45,completed,25,400
3238,164,2026-02-12,14:00,cancelled,22,0
3239,114,2026-02-12,8:15,completed,23,500
3240,33,2026-02-12,12:30,completed,25,350
3241,195,2026-02-12,9:15,completed,16,315.0
3242,108,2026-02-12,16:15,completed,36,1200
3243,115,2026-02-12,16:45,completed,17,1200
3244,188,2026-02-12,15:45,completed,24,350
3245,84,2026-02-12,17:45,completed,38,315.0
3246,150,2026-02-12,8:30,completed,27,300
3247,156,2026-02-12,11:15,completed,31,800
3248,112,2026-02-12,17:15,completed,40,400
3249,184,2026-02-12,17:00,completed,15,350
3250,86,2026-02-12,15:45,completed,5,300
3251,151,2026-02-12,14:00,completed,33,800
3252,177,2026-02-12,15:15,completed,37,360.0
3253,194,2026-02-12,8:00,completed,39,400
3254,11,2026-02-12,15:45,completed,36,720.0
3255,101,2026-02-12,12:00,completed,10,350
3256,105,2026-02-12,9:00,completed,25,350
3257,174,2026-02-12,10:00,no_show,30,0
3258,138,2026-02-12,14:15,cancelled,14,0
3259,179,2026-02-12,10:15,completed,14,450.0
3260,35,2026-02-12,11:15,completed,39,1200
3261,149,2026-02-12,12:15,no_show,7,0
3262,72,2026-02-12,9:00,completed,33,720.0
3263,177,2026-02-12,9:30,completed,26,500
3264,94,2026-02-12,14:30,completed,8,450.0
3265,176,2026-02-12,16:15,completed,19,270.0
3266,87,2026-02-12,9:15,completed,22,400
3267,188,2026-02-12,13:00,completed,37,800
3268,125,2026-02-12,10:45,completed,35,350
3269,5,2026-02-12,13:30,completed,20,800
3270,126,2026-02-12,9:30,cancelled,38,0
3271,111,2026-02-12,10:45,completed,39,180.0
3272,136,2026-02-12,15:15,completed,29,1200
3273,38,2026-02-12,12:30,completed,9,350
3274,28,2026-02-12,15:45,completed,13,500
3275,17,2026-02-12,13:00,completed,19,500
3276,139,2026-02-13,13:45,completed,38,180.0
3277,107,2026-02-13,8:15,completed,17,350
3278,30,2026-02-13,13:30,completed,15,450.0
3279,167,2026-02-13,11:15,completed,18,300
3280,76,2026-02-13,13:30,completed,12,400
3281,60,2026-02-13,12:45,completed,6,800
3282,171,2026-02-13,11:15,completed,12,350
3283,30,2026-02-13,16:15,completed,25,1200
3284,105,2026-02-13,16:15,completed,12,500
3285,141,2026-02-13,13:00,cancelled,13,0
3286,170,2026-02-13,17:15,completed,22,500
3287,57,2026-02-13,15:00,no_show,10,0
3288,61,2026-02-13,13:30,completed,28,800
3289,70,2026-02-13,17:30,no_show,38,0
3290,166,2026-02-13,11:15,completed,35,1200
3291,22,2026-02-13,14:00,completed,8,315.0
3292,94,2026-02-13,9:45,completed,26,450.0
3293,162,2026-02-13,13:45,completed,13,180.0
3294,34,2026-02-13,16:45,completed,6,350
3295,183,2026-02-13,12:45,completed,35,200
3296,137,2026-02-13,12:45,completed,35,800
3297,178,2026-02-13,10:00,completed,36,500
3298,127,2026-02-13,10:15,completed,35,350
3299,101,2026-02-13,11:15,completed,23,1200
3300,49,2026-02-13,16:15,completed,8,300
3301,153,2026-02-13,10:00,completed,22,500
3302,196,2026-02-13,15:15,completed,37,350
3303,182,2026-02-13,9:00,completed,36,180.0
3304,180,2026-02-13,8:45,completed,22,1200
3305,199,2026-02-13,14:15,completed,13,1200
3306,127,2026-02-13,17:30,cancelled,11,0
3307,89,2026-02-13,11:15,completed,39,800
3308,23,2026-02-13,15:30,completed,35,300
3309,76,2026-02-13,15:30,completed,38,400
3310,197,2026-02-13,10:00,completed,16,180.0
3311,152,2026-02-13,14:45,completed,22,450.0
3312,32,2026-02-13,15:00,completed,27,200
3313,168,2026-02-13,11:30,cancelled,33,0
3314,40,2026-02-13,10:15,completed,32,270.0
3315,122,2026-02-13,9:00,completed,19,180.0
3316,113,2026-02-13,14:00,completed,12,300
3317,115,2026-02-13,10:30,cancelled,28,0
3318,133,2026-02-13,10:00,completed,18,400
3319,59,2026-02-13,14:45,completed,8,800
3320,86,2026-02-14,17:45,completed,39,500
3321,152,2026-02-14,15:45,completed,11,720.0
3322,24,2026-02-14,13:30,completed,30,1200
3323,119,2026-02-14,10:30,completed,23,180.0
3324,51,2026-02-14,8:00,completed,13,200
3325,92,2026-02-14,9:15,completed,6,300
3326,54,2026-02-14,13:00,completed,16,200
3327,80,2026-02-14,12:15,completed,5,200
3328,134,2026-02-14,8:00,completed,35,200
3329,114,2026-02-14,17:45,completed,15,1080.0
3330,146,2026-02-14,14:30,completed,7,200
3331,55,2026-02-14,13:30,completed,39,300
3332,18,2026-02-14,10:45,completed,10,200
3333,55,2026-02-14,17:00,completed,39,300
3334,57,2026-02-14,15:45,completed,28,360.0
3335,65,2026-02-14,16:30,cancelled,30,0
3336,160,2026-02-14,9:45,completed,9,200
3337,60,2026-02-14,11:45,no_show,39,0
3338,113,2026-02-14,10:30,completed,29,200
3339,120,2026-02-14,15:00,completed,17,1200
3340,86,2026-02-14,9:45,cancelled,23,0
3341,41,2026-02-14,11:30,completed,34,350
3342,25,2026-02-14,12:15,completed,7,350
3343,168,2026-02-14,16:45,completed,20,350
3344,171,2026-02-14,14:15,completed,33,400
3345,147,2026-02-14,13:15,completed,27,315.0
3346,46,2026-02-14,15:30,completed,14,200
3347,73,2026-02-14,13:00,completed,19,360.0
3348,165,2026-02-14,15:00,no_show,26,0
3349,119,2026-02-14,13:45,completed,28,720.0
3350,162,2026-02-14,16:30,completed,32,300
3351,182,2026-02-14,14:00,completed,7,800
3352,137,2026-02-14,8:30,completed,21,300
3353,16,2026-02-14,9:30,completed,22,500
3354,76,2026-02-14,13:00,completed,25,300
3355,126,2026-02-14,12:00,completed,7,350
3356,131,2026-02-14,15:30,completed,6,1200
3357,61,2026-02-14,8:30,completed,24,200
3358,89,2026-02-14,10:30,completed,21,200
3359,103,2026-02-14,10:00,completed,28,200
3360,3,2026-02-15,17:30,completed,15,350
3361,192,2026-02-15,16:30,completed,11,1200
3362,65,2026-02-15,13:15,completed,40,1200
3363,183,2026-02-15,13:15,cancelled,11,0
3364,115,2026-02-15,14:45,completed,37,300
3365,102,2026-02-15,9:45,no_show,22,0
3366,56,2026-02-15,15:15,completed,28,500
3367,144,2026-02-15,16:00,completed,38,400
3368,153,2026-02-15,8:45,completed,25,1200
3369,84,2026-02-15,16:00,completed,34,350
3370,174,2026-02-15,8:30,cancelled,22,0
3371,61,2026-02-15,11:00,completed,37,500
3372,178,2026-02-15,9:00,completed,17,800
3373,21,2026-02-15,14:15,completed,37,200
3374,87,2026-02-15,14:00,completed,21,800
3375,173,2026-02-15,9:00,completed,25,450.0
3376,36,2026-02-15,13:15,completed,32,720.0
3377,170,2026-02-15,13:15,completed,34,350
3378,139,2026-02-15,15:00,completed,24,1080.0
3379,152,2026-02-15,13:15,completed,38,800
3380,105,2026-02-15,12:45,completed,28,400
3381,116,2026-02-15,8:00,completed,23,350
3382,150,2026-02-15,17:30,completed,40,800
3383,21,2026-02-15,10:15,completed,13,180.0
3384,152,2026-02-15,13:30,completed,6,1200
3385,117,2026-02-15,12:30,completed,39,400
3386,161,2026-02-15,9:30,completed,32,350
3387,65,2026-02-15,9:15,completed,40,1080.0
3388,124,2026-02-15,15:15,no_show,27,0
3389,11,2026-02-15,15:15,completed,31,200
3390,166,2026-02-15,12:30,cancelled,30,0
3391,98,2026-02-15,14:15,completed,19,400
3392,136,2026-02-15,14:45,completed,28,500
3393,60,2026-02-15,13:45,completed,13,360.0
3394,81,2026-02-15,13:45,completed,22,270.0
3395,41,2026-02-15,15:00,completed,8,350
3396,112,2026-02-15,17:30,completed,12,350
3397,152,2026-02-15,13:00,completed,15,500
3398,172,2026-02-15,8:45,completed,18,300
3399,158,2026-02-15,12:30,completed,25,800
3400,4,2026-02-15,14:30,completed,35,1200
3401,114,2026-02-15,8:15,completed,8,500
3402,115,2026-02-15,11:00,completed,27,400
3403,200,2026-02-15,12:00,completed,20,200
3404,19,2026-02-15,11:00,completed,22,400
3405,62,2026-02-15,17:15,cancelled,17,0
3406,120,2026-02-15,8:00,completed,19,300
3407,38,2026-02-15,10:30,completed,36,1080.0
3408,30,2026-02-15,12:45,completed,30,200
3409,155,2026-02-15,12:45,completed,40,300
3410,36,2026-02-15,13:30,completed,28,500
3411,62,2026-02-15,11:45,completed,26,350
3412,161,2026-02-15,9:15,completed,33,500
3413,43,2026-02-15,9:15,completed,10,350
3414,200,2026-02-15,8:00,completed,9,200
3415,114,2026-02-15,15:15,completed,8,500
3416,121,2026-02-15,17:45,completed,17,800
3417,19,2026-02-15,10:30,completed,38,800
3418,196,2026-02-15,16:00,completed,12,300
3419,156,2026-02-15,11:45,completed,20,400
3420,150,2026-02-15,12:45,completed,26,500
3421,13,2026-02-15,16:45,cancelled,20,0
3422,145,2026-02-15,13:00,no_show,15,0
3423,16,2026-02-15,8:45,completed,34,200
3424,135,2026-02-15,15:45,completed,40,1200
3425,150,2026-02-15,14:30,completed,25,400
3426,167,2026-02-15,8:45,completed,18,1200
3427,80,2026-02-15,9:15,completed,21,300
3428,2,2026-02-15,10:00,completed,30,180.0
3429,145,2026-02-15,13:15,no_show,31,0
3430,4,2026-02-15,16:00,completed,19,200
3431,141,2026-02-15,12:00,completed,5,300
3432,101,2026-02-15,14:30,completed,31,315.0
3433,82,2026-02-15,17:15,cancelled,10,0
3434,88,2026-02-15,12:00,completed,6,400
3435,166,2026-02-16,15:30,completed,36,800
3436,57,2026-02-16,17:00,completed,39,350
3437,54,2026-02-16,17:45,cancelled,6,0
3438,155,2026-02-16,8:15,completed,23,500
3439,112,2026-02-16,15:15,no_show,33,0
3440,72,2026-02-16,16:30,no_show,30,0
3441,88,2026-02-16,11:45,completed,39,1200
3442,198,2026-02-16,12:45,completed,5,200
3443,73,2026-02-16,17:45,completed,21,350
3444,73,2026-02-16,17:30,completed,5,800
3445,158,2026-02-16,10:30,completed,35,720.0
3446,177,2026-02-16,9:15,no_show,31,0
3447,142,2026-02-16,10:00,completed,18,400
3448,131,2026-02-16,10:30,completed,33,400
3449,24,2026-02-16,16:45,completed,20,800
3450,10,2026-02-16,12:15,completed,11,450.0
3451,170,2026-02-16,9:15,cancelled,25,0
3452,97,2026-02-16,9:45,completed,24,500
3453,159,2026-02-16,12:45,completed,13,400
3454,153,2026-02-16,12:45,no_show,21,0
3455,167,2026-02-16,12:45,completed,34,1200
3456,100,2026-02-16,10:45,no_show,10,0
3457,118,2026-02-16,17:30,completed,5,350
3458,131,2026-02-16,15:15,completed,18,270.0
3459,93,2026-02-16,15:45,cancelled,33,0
3460,43,2026-02-16,8:00,completed,34,200
3461,7,2026-02-16,9:00,completed,20,1080.0
3462,49,2026-02-16,17:15,no_show,21,0
3463,188,2026-02-16,16:00,completed,39,500
3464,29,2026-02-16,8:00,cancelled,31,0
3465,91,2026-02-16,14:30,completed,31,400
3466,194,2026-02-16,10:00,completed,5,350
3467,149,2026-02-16,15:15,completed,31,450.0
3468,59,2026-02-16,14:15,completed,25,350
3469,46,2026-02-16,12:00,cancelled,38,0
3470,187,2026-02-16,11:45,no_show,12,0
3471,36,2026-02-16,9:00,completed,34,400
3472,158,2026-02-16,16:30,completed,29,300
3473,48,2026-02-16,13:15,no_show,11,0
3474,148,2026-02-16,10:30,completed,17,300
3475,86,2026-02-16,16:15,completed,15,500
3476,159,2026-02-16,17:30,cancelled,18,0
3477,90,2026-02-16,14:00,no_show,5,0
3478,171,2026-02-16,14:30,completed,17,200
3479,10,2026-02-16,14:45,completed,39,1200
3480,19,2026-02-16,12:00,completed,27,1200
3481,178,2026-02-16,14:00,completed,35,350
3482,33,2026-02-16,11:15,completed,15,350
3483,185,2026-02-16,8:00,completed,14,350
3484,162,2026-02-16,15:45,completed,22,500
3485,38,2026-02-16,12:30,completed,15,800
3486,84,2026-02-16,15:45,completed,30,500
3487,107,2026-02-16,11:15,cancelled,32,0
3488,89,2026-02-16,16:45,completed,34,200
3489,57,2026-02-16,8:15,completed,30,300
3490,191,2026-02-16,11:15,completed,21,500
3491,76,2026-02-16,8:45,completed,9,400
3492,174,2026-02-16,17:15,completed,40,500
3493,79,2026-02-16,17:00,completed,13,200
3494,20,2026-02-17,12:30,no_show,16,0
3495,20,2026-02-17,12:45,completed,7,1080.0
3496,36,2026-02-17,12:45,completed,11,350
3497,104,2026-02-17,11:45,completed,22,800
3498,122,2026-02-17,11:15,no_show,22,0
3499,68,2026-02-17,15:00,completed,19,720.0
3500,40,2026-02-17,12:15,no_show,20,0
3501,194,2026-02-17,8:45,completed,23,450.0
3502,49,2026-02-17,13:00,completed,12,350
3503,98,2026-02-17,15:15,completed,11,350
3504,149,2026-02-17,17:00,completed,11,720.0
3505,127,2026-02-17,15:00,completed,26,450.0
3506,129,2026-02-17,17:00,completed,23,1200
3507,178,2026-02-17,9:30,completed,8,350
3508,115,2026-02-17,15:15,completed,13,270.0
3509,140,2026-02-17,11:45,completed,24,300
3510,143,2026-02-17,16:00,no_show,37,0
3511,14,2026-02-17,15:30,completed,39,1080.0
3512,178,2026-02-17,12:00,completed,30,1200
3513,36,2026-02-17,9:00,completed,15,800
3514,22,2026-02-17,15:30,completed,31,350
3515,71,2026-02-17,14:30,completed,31,1200
3516,32,2026-02-17,10:30,completed,21,360.0
3517,183,2026-02-17,13:15,completed,21,200
3518,37,2026-02-17,15:00,completed,26,200
3519,162,2026-02-17,9:30,completed,21,200
3520,166,2026-02-17,11:30,completed,6,300
3521,42,2026-02-17,17:30,completed,38,200
3522,11,2026-02-17,14:00,completed,16,500
3523,25,2026-02-17,11:45,completed,34,450.0
3524,96,2026-02-17,15:00,completed,8,800
3525,64,2026-02-17,12:30,cancelled,28,0
3526,13,2026-02-17,16:45,completed,23,1200
3527,155,2026-02-17,15:45,completed,7,270.0
3528,6,2026-02-17,9:15,completed,24,1200
3529,28,2026-02-17,13:30,no_show,15,0
3530,14,2026-02-17,13:15,completed,27,300
3531,146,2026-02-17,10:00,completed,29,800
3532,175,2026-02-17,10:15,completed,24,400
3533,88,2026-02-17,11:00,completed,14,400
3534,19,2026-02-17,13:00,completed,14,350
3535,8,2026-02-17,10:30,completed,28,300
3536,91,2026-02-18,17:45,completed,6,1200
3537,2,2026-02-18,11:15,completed,15,315.0
3538,100,2026-02-18,17:45,cancelled,7,0
3539,30,2026-02-18,9:45,completed,6,1080.0
3540,84,2026-02-18,10:45,cancelled,34,0
3541,17,2026-02-18,11:15,completed,20,180.0
3542,22,2026-02-18,14:00,completed,12,300
3543,150,2026-02-18,13:30,completed,5,300
3544,144,2026-02-18,12:00,completed,30,500
3545,185,2026-02-18,11:45,completed,15,720.0
3546,123,2026-02-18,13:45,completed,18,800
3547,11,2026-02-18,9:00,cancelled,17,0
3548,146,2026-02-18,16:30,completed,10,300
3549,176,2026-02-18,17:30,completed,7,300
3550,33,2026-02-18,8:30,completed,23,300
3551,176,2026-02-18,10:45,completed,14,800
3552,133,2026-02-18,8:15,completed,35,500
3553,33,2026-02-18,11:15,completed,27,300
3554,133,2026-02-18,14:45,completed,35,200
3555,137,2026-02-18,9:45,completed,9,180.0
3556,70,2026-02-18,11:00,cancelled,16,0
3557,94,2026-02-18,17:00,cancelled,11,0
3558,62,2026-02-18,17:00,no_show,15,0
3559,66,2026-02-18,12:30,completed,17,200
3560,143,2026-02-18,14:00,completed,39,1200
3561,86,2026-02-18,11:00,completed,18,500
3562,81,2026-02-18,9:00,completed,30,500
3563,2,2026-02-18,14:30,completed,23,350
3564,69,2026-02-18,13:15,completed,40,800
3565,68,2026-02-18,16:45,completed,5,400
3566,38,2026-02-18,14:00,completed,33,800
3567,190,2026-02-18,12:30,completed,17,350
3568,55,2026-02-18,16:30,completed,9,350
3569,66,2026-02-18,11:30,completed,31,200
3570,176,2026-02-18,15:45,completed,18,180.0
3571,42,2026-02-18,13:30,completed,38,400
3572,155,2026-02-18,10:00,completed,12,500
3573,199,2026-02-18,12:30,completed,17,500
3574,61,2026-02-18,16:45,completed,37,800
3575,96,2026-02-18,11:00,completed,24,800
3576,31,2026-02-18,16:30,no_show,12,0
3577,40,2026-02-18,17:45,completed,22,350
3578,74,2026-02-18,17:15,completed,38,350
3579,46,2026-02-18,17:30,cancelled,13,0
3580,133,2026-02-18,11:00,completed,6,200
3581,23,2026-02-18,12:45,completed,15,800
3582,31,2026-02-18,17:30,cancelled,30,0
3583,81,2026-02-18,10:15,cancelled,12,0
3584,76,2026-02-18,17:00,completed,10,500
3585,28,2026-02-18,9:15,completed,20,800
3586,86,2026-02-18,15:45,cancelled,10,0
3587,63,2026-02-18,13:30,no_show,32,0
3588,11,2026-02-18,11:15,completed,35,500
3589,176,2026-02-18,14:30,completed,6,500
3590,65,2026-02-18,11:15,completed,23,500
3591,83,2026-02-18,8:15,completed,23,200
3592,11,2026-02-19,11:30,completed,39,1200
3593,39,2026-02-19,15:45,completed,19,800
3594,16,2026-02-19,16:15,no_show,9,0
3595,36,2026-02-19,15:00,completed,31,500
3596,185,2026-02-19,12:15,completed,29,300
3597,152,2026-02-19,11:15,no_show,25,0
3598,110,2026-02-19,12:45,cancelled,9,0
3599,2,2026-02-19,14:15,completed,33,800
3600,142,2026-02-19,16:45,completed,36,720.0
3601,67,2026-02-19,12:45,completed,22,270.0
3602,34,2026-02-19,10:30,no_show,36,0
3603,141,2026-02-19,17:30,completed,10,720.0
3604,64,2026-02-19,8:15,completed,12,500
3605,4,2026-02-19,9:45,completed,29,500
3606,157,2026-02-19,16:45,completed,8,500
3607,71,2026-02-19,8:30,completed,23,200
3608,120,2026-02-19,15:00,completed,18,800
3609,31,2026-02-19,14:45,no_show,36,0
3610,37,2026-02-19,12:15,completed,17,350
3611,145,2026-02-19,8:00,completed,26,315.0
3612,87,2026-02-19,13:00,completed,16,200
3613,52,2026-02-19,13:00,completed,34,800
3614,108,2026-02-19,17:15,completed,8,1200
3615,137,2026-02-19,17:15,completed,34,400
3616,39,2026-02-19,12:45,no_show,24,0
3617,129,2026-02-19,13:00,completed,40,800
3618,75,2026-02-19,14:45,completed,7,500
3619,174,2026-02-19,11:45,completed,27,400
3620,123,2026-02-19,11:30,completed,8,180.0
3621,87,2026-02-19,17:30,completed,7,800
3622,148,2026-02-19,8:45,completed,11,200
3623,9,2026-02-19,15:45,completed,16,1200
3624,110,2026-02-19,15:15,completed,35,300
3625,50,2026-02-19,13:15,completed,24,180.0
3626,83,2026-02-19,12:15,no_show,38,0
3627,30,2026-02-19,13:15,completed,29,1200
3628,141,2026-02-19,16:30,no_show,13,0
3629,172,2026-02-19,11:00,completed,27,500
3630,90,2026-02-19,13:30,completed,26,720.0
3631,1,2026-02-19,16:45,completed,24,1080.0
3632,134,2026-02-19,14:15,no_show,13,0
3633,144,2026-02-19,14:15,completed,11,720.0
3634,98,2026-02-19,16:00,completed,24,1200
3635,21,2026-02-19,9:30,cancelled,29,0
3636,10,2026-02-19,10:30,completed,29,500
3637,69,2026-02-19,13:00,completed,5,350
3638,144,2026-02-19,15:00,completed,24,1080.0
3639,148,2026-02-19,17:00,completed,16,200
3640,4,2026-02-19,9:00,no_show,15,0
3641,50,2026-02-19,12:00,completed,17,300
3642,162,2026-02-19,11:45,completed,8,400
3643,80,2026-02-19,17:45,completed,33,350
3644,194,2026-02-19,9:30,completed,33,1200
3645,13,2026-02-19,12:45,no_show,28,0
3646,198,2026-02-19,13:15,completed,19,300
3647,118,2026-02-19,15:30,completed,38,400
3648,128,2026-02-19,13:45,completed,35,1200
3649,60,2026-02-19,12:30,completed,33,500
3650,61,2026-02-19,16:15,completed,11,500
3651,19,2026-02-19,15:30,completed,40,800
3652,102,2026-02-20,10:30,cancelled,31,0
3653,24,2026-02-20,17:30,completed,17,400
3654,4,2026-02-20,15:00,completed,26,450.0
3655,30,2026-02-20,13:30,completed,11,1200
3656,102,2026-02-20,16:30,completed,11,800
3657,183,2026-02-20,8:30,completed,13,400
3658,29,2026-02-20,15:30,cancelled,29,0
3659,150,2026-02-20,8:00,cancelled,30,0
3660,10,2026-02-20,13:15,cancelled,36,0
3661,20,2026-02-20,11:45,completed,27,300
3662,119,2026-02-20,8:00,no_show,30,0
3663,69,2026-02-20,17:45,completed,17,300
3664,126,2026-02-20,12:30,completed,19,500
3665,125,2026-02-20,9:45,cancelled,34,0
3666,103,2026-02-20,14:00,completed,5,800
3667,173,2026-02-20,13:30,completed,5,270.0
3668,44,2026-02-20,14:30,completed,30,1200
3669,112,2026-02-20,9:00,completed,20,400
3670,168,2026-02-20,14:45,completed,8,300
3671,134,2026-02-20,9:15,completed,22,300
3672,97,2026-02-20,14:30,completed,31,800
3673,139,2026-02-20,17:00,completed,25,1080.0
3674,168,2026-02-20,13:30,completed,16,800
3675,58,2026-02-20,9:00,completed,18,450.0
3676,190,2026-02-20,16:15,no_show,29,0
3677,28,2026-02-20,15:00,completed,9,720.0
3678,191,2026-02-20,16:00,completed,18,800
3679,7,2026-02-20,13:00,completed,25,360.0
3680,46,2026-02-20,11:45,completed,22,400
3681,120,2026-02-20,13:00,completed,26,720.0
3682,170,2026-02-20,16:15,completed,12,400
3683,95,2026-02-20,10:00,cancelled,17,0
3684,93,2026-02-20,17:30,cancelled,14,0
3685,85,2026-02-20,17:00,completed,7,350
3686,33,2026-02-20,17:00,completed,25,180.0
3687,176,2026-02-20,10:15,completed,12,300
3688,41,2026-02-20,15:15,completed,38,720.0
3689,128,2026-02-20,10:45,completed,7,800
3690,61,2026-02-20,15:45,completed,16,800
3691,115,2026-02-20,15:15,completed,28,450.0
3692,158,2026-02-20,14:15,completed,6,180.0
3693,198,2026-02-20,12:15,completed,23,350
3694,39,2026-02-20,15:00,no_show,30,0
3695,182,2026-02-20,16:45,completed,26,1200
3696,62,2026-02-20,9:45,completed,10,500
3697,10,2026-02-20,10:00,no_show,8,0
3698,26,2026-02-20,8:00,completed,33,270.0
3699,13,2026-02-20,11:45,completed,17,500
3700,147,2026-02-20,9:15,completed,12,500
3701,52,2026-02-20,11:15,completed,37,800
3702,114,2026-02-20,12:45,completed,21,300
3703,116,2026-02-20,10:45,no_show,27,0
3704,76,2026-02-20,13:00,completed,13,350
3705,154,2026-02-20,15:30,completed,11,350
3706,92,2026-02-20,9:15,completed,38,200
3707,50,2026-02-20,15:45,cancelled,5,0
3708,28,2026-02-20,9:30,completed,10,400
3709,126,2026-02-20,8:15,no_show,12,0
3710,65,2026-02-20,11:45,completed,17,1200
3711,179,2026-02-20,13:15,completed,5,350
3712,48,2026-02-20,16:15,completed,21,270.0
3713,85,2026-02-20,8:45,cancelled,18,0
3714,32,2026-02-20,14:15,completed,8,500
3715,108,2026-02-20,9:15,completed,33,400
3716,38,2026-02-20,14:15,no_show,25,0
3717,131,2026-02-20,8:15,completed,20,270.0
3718,33,2026-02-20,14:15,completed,6,800
3719,9,2026-02-20,11:45,completed,22,350
3720,140,2026-02-20,16:30,completed,25,350
3721,189,2026-02-20,12:00,completed,11,350
3722,176,2026-02-20,15:45,completed,7,800
3723,98,2026-02-21,10:00,completed,38,200
3724,178,2026-02-21,14:30,completed,9,1200
3725,62,2026-02-21,10:15,completed,19,200
3726,150,2026-02-21,12:30,completed,7,200
3727,147,2026-02-21,8:00,completed,30,500
3728,122,2026-02-21,13:00,completed,9,500
3729,61,2026-02-21,17:15,cancelled,16,0
3730,147,2026-02-21,11:15,completed,13,400
3731,62,2026-02-21,15:00,completed,33,1080.0
3732,30,2026-02-21,15:15,completed,21,200
3733,50,2026-02-21,14:00,completed,13,1080.0
3734,122,2026-02-21,14:00,completed,21,180.0
3735,105,2026-02-21,13:15,no_show,23,0
3736,69,2026-02-21,15:30,completed,26,400
3737,171,2026-02-21,11:30,completed,18,315.0
3738,121,2026-02-21,17:30,no_show,10,0
3739,63,2026-02-21,8:45,completed,37,200
3740,48,2026-02-21,9:30,no_show,40,0
3741,1,2026-02-21,17:15,completed,27,800
3742,67,2026-02-21,13:15,completed,15,1200
3743,18,2026-02-21,13:15,completed,34,500
3744,19,2026-02-21,10:30,completed,18,1200
3745,52,2026-02-21,17:00,cancelled,8,0
3746,87,2026-02-21,11:30,completed,40,200
3747,82,2026-02-21,9:15,completed,22,500
3748,80,2026-02-21,8:15,completed,11,1080.0
3749,81,2026-02-21,12:15,completed,8,800
3750,17,2026-02-21,12:30,cancelled,16,0
3751,63,2026-02-21,9:30,no_show,7,0
3752,50,2026-02-21,12:30,completed,11,800
3753,130,2026-02-21,17:15,completed,21,300
3754,22,2026-02-21,10:45,completed,21,720.0
3755,173,2026-02-21,13:00,cancelled,26,0
3756,86,2026-02-21,17:30,completed,10,200
3757,125,2026-02-21,17:15,completed,23,200
3758,168,2026-02-21,14:30,no_show,8,0
3759,138,2026-02-21,8:00,completed,19,300
3760,35,2026-02-21,13:30,completed,9,300
3761,142,2026-02-21,11:45,no_show,32,0
3762,120,2026-02-21,9:15,completed,31,200
3763,98,2026-02-21,9:30,completed,5,400
3764,111,2026-02-21,16:30,completed,23,350
3765,112,2026-02-21,9:15,completed,14,400
3766,124,2026-02-21,15:45,completed,19,180.0
3767,132,2026-02-21,16:00,completed,5,1200
3768,41,2026-02-21,10:30,no_show,17,0
3769,32,2026-02-21,8:15,no_show,19,0
3770,94,2026-02-21,15:00,completed,12,400
3771,106,2026-02-21,13:00,completed,5,720.0
3772,89,2026-02-21,15:30,no_show,34,0
3773,53,2026-02-21,13:15,completed,6,400
3774,44,2026-02-21,8:30,completed,17,300
3775,31,2026-02-21,12:30,completed,34,300
3776,110,2026-02-21,13:15,completed,21,315.0
3777,99,2026-02-21,16:15,completed,11,200
3778,181,2026-02-21,14:45,completed,22,315.0
3779,121,2026-02-21,14:45,completed,18,300
3780,149,2026-02-21,13:00,completed,10,800
3781,144,2026-02-21,11:15,completed,37,500
3782,55,2026-02-21,12:45,completed,24,1200
3783,30,2026-02-21,16:15,completed,17,500
3784,8,2026-02-21,16:45,completed,6,1080.0
3785,160,2026-02-21,11:15,completed,15,800
3786,119,2026-02-21,17:15,completed,36,450.0
3787,183,2026-02-21,11:00,completed,12,400
3788,4,2026-02-21,14:15,cancelled,21,0
3789,170,2026-02-21,9:15,completed,23,800
3790,151,2026-02-21,14:00,no_show,14,0
3791,61,2026-02-21,9:15,completed,6,350
3792,41,2026-02-21,13:00,completed,22,720.0
3793,17,2026-02-21,16:15,completed,31,450.0
3794,12,2026-02-21,11:15,completed,39,800
3795,73,2026-02-21,12:00,completed,12,800
3796,159,2026-02-21,8:15,no_show,38,0
3797,163,2026-02-21,14:30,completed,40,800
3798,12,2026-02-21,9:15,completed,27,800
3799,180,2026-02-21,16:30,completed,39,200
3800,38,2026-02-21,11:00,completed,18,350
3801,150,2026-02-22,13:30,completed,32,300
3802,160,2026-02-22,15:00,completed,28,350
3803,21,2026-02-22,14:30,completed,23,1200
3804,19,2026-02-22,15:45,completed,12,300
3805,187,2026-02-22,9:30,completed,12,450.0
3806,45,2026-02-22,11:30,no_show,10,0
3807,55,2026-02-22,11:30,completed,36,1200
3808,154,2026-02-22,8:15,completed,26,400
3809,120,2026-02-22,13:00,completed,17,500
3810,148,2026-02-22,10:30,completed,30,400
3811,44,2026-02-22,16:45,completed,22,800
3812,140,2026-02-22,15:45,completed,24,1200
3813,184,2026-02-22,9:45,completed,14,800
3814,91,2026-02-22,9:00,no_show,32,0
3815,190,2026-02-22,12:30,completed,29,350
3816,10,2026-02-22,12:15,completed,25,800
3817,159,2026-02-22,11:15,completed,15,300
3818,164,2026-02-22,14:30,completed,15,1200
3819,88,2026-02-22,15:15,completed,32,800
3820,195,2026-02-22,8:15,cancelled,25,0
3821,140,2026-02-22,17:45,completed,16,1080.0
3822,139,2026-02-22,15:15,completed,23,500
3823,123,2026-02-22,16:45,completed,26,360.0
3824,68,2026-02-22,14:30,completed,27,300
3825,175,2026-02-22,8:00,completed,37,180.0
3826,72,2026-02-22,14:15,completed,7,270.0
3827,129,2026-02-22,12:00,completed,23,800
3828,155,2026-02-22,14:30,no_show,27,0
3829,168,2026-02-22,9:00,completed,40,350
3830,57,2026-02-22,16:30,completed,13,350
3831,34,2026-02-22,14:15,completed,5,500
3832,76,2026-02-22,9:00,no_show,27,0
3833,156,2026-02-22,8:00,completed,18,500
3834,106,2026-02-22,10:45,completed,10,200
3835,42,2026-02-22,9:15,completed,33,315.0
3836,174,2026-02-22,10:15,completed,36,350
3837,60,2026-02-22,15:30,completed,22,180.0
3838,159,2026-02-22,17:45,completed,8,400
3839,37,2026-02-22,8:45,completed,34,200
3840,66,2026-02-22,15:45,no_show,40,0
3841,74,2026-02-22,12:45,completed,7,350
3842,29,2026-02-22,13:30,completed,30,1200
3843,1,2026-02-22,17:00,completed,11,200
3844,140,2026-02-22,17:00,completed,12,800
3845,7,2026-02-22,15:00,completed,26,350
3846,87,2026-02-22,15:00,cancelled,9,0
3847,60,2026-02-22,10:45,completed,15,200
3848,78,2026-02-22,16:30,completed,10,500
3849,192,2026-02-22,15:45,completed,23,1200
3850,166,2026-02-22,13:15,completed,12,350
3851,54,2026-02-22,16:30,completed,17,500
3852,32,2026-02-22,8:00,cancelled,26,0
3853,19,2026-02-22,16:45,completed,35,500
3854,137,2026-02-22,17:00,completed,32,1200
3855,121,2026-02-22,14:00,completed,15,300
3856,79,2026-02-22,17:15,completed,6,1080.0
3857,8,2026-02-22,16:45,completed,21,350
3858,174,2026-02-22,12:45,completed,39,400
3859,107,2026-02-22,10:00,completed,5,400
3860,5,2026-02-22,17:30,completed,35,300
3861,51,2026-02-22,9:30,cancelled,5,0
3862,139,2026-02-22,17:15,no_show,37,0
3863,198,2026-02-22,15:00,completed,14,270.0
3864,30,2026-02-22,12:45,completed,36,400
3865,192,2026-02-22,8:00,cancelled,33,0
3866,158,2026-02-22,17:15,completed,20,1200
3867,89,2026-02-22,10:45,completed,35,300
3868,14,2026-02-22,11:00,completed,14,800
3869,159,2026-02-22,17:15,completed,39,800
3870,27,2026-02-22,16:00,completed,8,400
3871,144,2026-02-22,15:15,completed,29,350
3872,109,2026-02-22,12:30,completed,30,400
3873,122,2026-02-22,16:30,no_show,13,0
3874,178,2026-02-22,11:45,completed,7,800
3875,74,2026-02-22,17:45,completed,11,200
3876,49,2026-02-22,15:00,completed,6,360.0
3877,6,2026-02-22,8:45,completed,16,200
3878,112,2026-02-22,17:00,completed,31,300
3879,60,2026-02-22,11:00,completed,8,350
3880,165,2026-02-22,17:15,cancelled,32,0
3881,8,2026-02-22,8:30,completed,29,800
3882,193,2026-02-22,11:45,completed,5,300
3883,172,2026-02-22,10:00,completed,21,500
3884,171,2026-02-22,10:00,completed,12,500
3885,37,2026-02-23,13:45,completed,27,800
3886,169,2026-02-23,14:00,completed,34,1080.0
3887,174,2026-02-23,9:45,completed,38,200
3888,27,2026-02-23,10:00,completed,12,350
3889,139,2026-02-23,16:15,no_show,7,0
3890,129,2026-02-23,9:45,no_show,25,0
3891,132,2026-02-23,14:45,completed,38,360.0
3892,164,2026-02-23,15:15,cancelled,6,0
3893,18,2026-02-23,15:15,completed,38,315.0
3894,122,2026-02-23,10:15,completed,32,200
3895,73,2026-02-23,13:45,cancelled,12,0
3896,76,2026-02-23,13:30,completed,16,800
3897,70,2026-02-23,12:00,completed,16,270.0
3898,120,2026-02-23,14:45,completed,31,450.0
3899,151,2026-02-23,13:45,cancelled,5,0
3900,149,2026-02-23,10:15,completed,6,800
3901,31,2026-02-23,15:30,completed,34,400
3902,194,2026-02-23,16:30,completed,15,720.0
3903,15,2026-02-23,10:45,completed,11,400
3904,127,2026-02-23,10:00,completed,30,720.0
3905,34,2026-02-23,16:30,completed,36,360.0
3906,131,2026-02-23,13:00,completed,38,1080.0
3907,24,2026-02-23,14:00,no_show,40,0
3908,168,2026-02-23,11:45,completed,37,300
3909,142,2026-02-23,17:00,no_show,25,0
3910,65,2026-02-23,10:30,completed,35,1200
3911,2,2026-02-23,11:00,no_show,13,0
3912,75,2026-02-23,11:00,completed,38,800
3913,199,2026-02-23,17:15,completed,13,200
3914,65,2026-02-23,11:00,completed,34,300
3915,92,2026-02-23,8:45,completed,12,400
3916,114,2026-02-23,8:15,cancelled,16,0
3917,101,2026-02-23,11:30,cancelled,25,0
3918,125,2026-02-23,10:45,completed,5,270.0
3919,5,2026-02-23,10:45,completed,16,500
3920,139,2026-02-23,14:00,completed,31,400
3921,181,2026-02-23,16:45,completed,5,800
3922,38,2026-02-23,10:30,cancelled,18,0
3923,19,2026-02-23,15:30,completed,10,450.0
3924,192,2026-02-23,15:45,completed,9,400
3925,65,2026-02-23,12:45,cancelled,6,0
3926,164,2026-02-23,13:00,completed,39,360.0
3927,100,2026-02-23,12:30,completed,25,180.0
3928,192,2026-02-23,12:30,completed,31,180.0
3929,180,2026-02-23,9:45,completed,35,200
3930,77,2026-02-23,12:15,completed,32,800
3931,122,2026-02-23,11:30,no_show,33,0
3932,40,2026-02-23,12:15,no_show,21,0
3933,8,2026-02-23,10:30,completed,38,180.0
3934,139,2026-02-23,10:15,completed,20,800
3935,200,2026-02-23,17:00,cancelled,37,0
3936,191,2026-02-23,14:30,completed,11,180.0
3937,51,2026-02-23,14:00,no_show,15,0
3938,80,2026-02-23,14:30,completed,27,1080.0
3939,5,2026-02-23,16:00,no_show,36,0
3940,121,2026-02-23,10:00,completed,13,300
3941,155,2026-02-23,14:15,completed,14,360.0
3942,52,2026-02-23,12:45,completed,8,1080.0
3943,150,2026-02-23,10:30,completed,24,500
3944,110,2026-02-23,8:15,completed,11,1200
3945,187,2026-02-23,11:15,completed,13,1080.0
3946,197,2026-02-23,15:15,completed,30,1080.0
3947,27,2026-02-23,17:00,completed,37,500
3948,185,2026-02-23,15:00,completed,23,800
3949,160,2026-02-23,17:45,completed,20,800
3950,77,2026-02-23,16:15,completed,10,1200
3951,87,2026-02-23,16:30,cancelled,25,0
3952,137,2026-02-23,10:15,completed,6,800
3953,99,2026-02-23,9:00,completed,11,1200
3954,125,2026-02-23,16:15,completed,31,500
3955,31,2026-02-23,9:15,completed,34,350
3956,58,2026-02-24,13:00,completed,29,1200
3957,135,2026-02-24,9:00,completed,6,400
3958,89,2026-02-24,14:30,completed,27,1200
3959,79,2026-02-24,9:45,completed,7,800
3960,76,2026-02-24,12:00,completed,30,315.0
3961,176,2026-02-24,16:45,completed,29,1200
3962,52,2026-02-24,16:30,completed,19,350
3963,41,2026-02-24,10:30,completed,7,350
3964,95,2026-02-24,8:15,no_show,39,0
3965,157,2026-02-24,11:00,completed,19,1200
3966,84,2026-02-24,9:30,no_show,12,0
3967,187,2026-02-24,16:45,no_show,21,0
3968,176,2026-02-24,16:00,completed,15,800
3969,181,2026-02-24,13:15,completed,10,200
3970,148,2026-02-24,13:45,completed,38,180.0
3971,100,2026-02-24,13:45,completed,15,800
3972,145,2026-02-24,11:45,completed,14,300
3973,190,2026-02-24,15:00,completed,6,400
3974,133,2026-02-24,14:15,completed,20,200
3975,117,2026-02-24,15:45,completed,6,270.0
3976,42,2026-02-24,8:00,no_show,10,0
3977,77,2026-02-24,13:30,completed,12,400
3978,10,2026-02-24,10:00,completed,30,1200
3979,80,2026-02-24,13:15,completed,40,200
3980,25,2026-02-24,13:15,completed,11,1080.0
3981,147,2026-02-24,10:00,completed,5,350
3982,188,2026-02-24,15:45,completed,39,315.0
3983,153,2026-02-24,10:30,completed,7,400
3984,197,2026-02-24,16:00,completed,40,450.0
3985,97,2026-02-24,9:15,completed,29,300
3986,42,2026-02-24,13:45,completed,24,400
3987,42,2026-02-24,16:45,completed,15,200
3988,102,2026-02-24,17:15,completed,17,300
3989,70,2026-02-24,9:30,no_show,26,0
3990,67,2026-02-24,11:45,completed,33,200
3991,166,2026-02-24,8:45,completed,17,1200
3992,155,2026-02-24,13:45,completed,37,315.0
3993,56,2026-02-24,12:15,cancelled,31,0
3994,109,2026-02-24,17:45,cancelled,37,0
3995,35,2026-02-24,10:30,completed,26,800
3996,111,2026-02-24,10:45,completed,16,270.0
3997,97,2026-02-24,16:45,completed,20,270.0
3998,86,2026-02-24,10:15,cancelled,14,0
3999,163,2026-02-24,9:00,completed,20,500
4000,14,2026-02-24,14:45,completed,27,500
4001,86,2026-02-24,10:30,completed,22,400
4002,5,2026-02-24,10:30,completed,12,800
4003,152,2026-02-24,8:30,completed,11,360.0
4004,134,2026-02-24,16:45,completed,21,300
4005,8,2026-02-24,11:15,completed,7,180.0
4006,50,2026-02-24,12:00,completed,11,800
4007,193,2026-02-24,15:00,completed,13,300
4008,151,2026-02-24,13:00,completed,25,350
4009,31,2026-02-24,13:45,completed,37,450.0
4010,143,2026-02-24,10:00,completed,23,500
4011,67,2026-02-24,10:30,no_show,40,0
4012,79,2026-02-24,12:00,completed,37,200
4013,128,2026-02-24,12:15,completed,33,400
4014,141,2026-02-24,12:45,completed,28,800
4015,14,2026-02-24,10:15,completed,28,500
4016,3,2026-02-24,16:00,completed,23,200
4017,4,2026-02-24,14:45,completed,37,800
4018,48,2026-02-24,17:00,completed,15,350
4019,188,2026-02-24,12:00,completed,21,800
4020,153,2026-02-24,12:30,completed,18,200
4021,134,2026-02-24,15:15,completed,14,720.0
4022,125,2026-02-24,13:45,completed,33,315.0
4023,43,2026-02-24,16:30,no_show,15,0
4024,132,2026-02-24,11:15,completed,28,1200
4025,53,2026-02-24,15:30,completed,33,180.0
4026,174,2026-02-24,14:45,completed,39,500
4027,156,2026-02-24,15:30,completed,9,500
4028,193,2026-02-24,12:30,completed,7,400
4029,125,2026-02-24,10:30,completed,40,315.0
4030,149,2026-02-24,10:00,completed,13,500
4031,96,2026-02-24,10:15,completed,22,200
4032,53,2026-02-24,12:45,cancelled,26,0
4033,194,2026-02-24,10:45,completed,38,1200
4034,30,2026-02-25,17:00,completed,25,1200
4035,98,2026-02-25,14:30,completed,21,300
4036,80,2026-02-25,10:00,completed,33,1200
4037,7,2026-02-25,8:15,completed,39,400
4038,189,2026-02-25,11:15,completed,25,1200
4039,175,2026-02-25,15:15,completed,14,500
4040,109,2026-02-25,12:15,completed,35,720.0
4041,82,2026-02-25,13:00,completed,14,800
4042,124,2026-02-25,16:15,cancelled,28,0
4043,71,2026-02-25,14:00,completed,27,180.0
4044,95,2026-02-25,9:30,no_show,27,0
4045,189,2026-02-25,8:45,completed,16,350
4046,68,2026-02-25,8:15,completed,8,800
4047,46,2026-02-25,12:30,completed,36,720.0
4048,39,2026-02-25,8:15,completed,17,350
4049,47,2026-02-25,8:45,completed,40,450.0
4050,170,2026-02-25,10:15,completed,36,500
4051,152,2026-02-25,9:45,completed,7,300
4052,35,2026-02-25,12:00,no_show,22,0
4053,53,2026-02-25,9:45,completed,29,500
4054,9,2026-02-25,16:00,completed,17,1200
4055,135,2026-02-25,12:00,completed,16,500
4056,41,2026-02-25,12:45,completed,20,800
4057,136,2026-02-25,13:00,completed,33,1080.0
4058,52,2026-02-25,12:30,completed,39,315.0
4059,66,2026-02-25,13:00,completed,20,180.0
4060,122,2026-02-25,13:15,completed,36,800
4061,48,2026-02-25,11:30,completed,16,400
4062,114,2026-02-25,14:30,completed,23,1200
4063,6,2026-02-25,9:15,completed,25,1200
4064,29,2026-02-25,12:30,completed,21,350
4065,128,2026-02-25,14:15,completed,26,800
4066,24,2026-02-25,16:00,completed,25,300
4067,11,2026-02-25,16:30,completed,6,350
4068,41,2026-02-25,8:00,no_show,6,0
4069,21,2026-02-25,15:15,completed,24,300
4070,97,2026-02-25,15:45,completed,29,1200
4071,162,2026-02-25,15:30,completed,25,800
4072,38,2026-02-25,11:30,completed,25,270.0
4073,179,2026-02-25,9:45,completed,5,400
4074,108,2026-02-25,14:45,completed,9,800
4075,106,2026-02-25,14:00,completed,6,450.0
4076,13,2026-02-25,10:00,completed,10,400
4077,99,2026-02-25,17:00,completed,22,200
4078,195,2026-02-25,8:15,completed,16,300
4079,155,2026-02-25,10:45,completed,13,500
4080,44,2026-02-25,10:15,no_show,35,0
4081,200,2026-02-25,8:30,completed,7,500
4082,27,2026-02-25,13:15,completed,38,360.0
4083,9,2026-02-25,13:45,completed,36,350
4084,160,2026-02-25,12:30,completed,31,180.0
4085,57,2026-02-25,9:00,cancelled,18,0
4086,8,2026-02-26,12:30,completed,32,800
4087,102,2026-02-26,12:30,completed,12,500
4088,15,2026-02-26,10:45,completed,29,800
4089,47,2026-02-26,10:45,completed,5,300
4090,93,2026-02-26,17:30,completed,29,800
4091,183,2026-02-26,9:15,completed,36,200
4092,65,2026-02-26,16:00,completed,39,200
4093,151,2026-02-26,15:15,completed,36,400
4094,83,2026-02-26,16:15,completed,6,200
4095,183,2026-02-26,16:30,completed,8,800
4096,193,2026-02-26,9:00,completed,14,360.0
4097,80,2026-02-26,9:30,completed,20,400
4098,108,2026-02-26,11:00,completed,8,720.0
4099,8,2026-02-26,8:30,completed,14,200
4100,118,2026-02-26,8:15,cancelled,30,0
4101,60,2026-02-26,13:45,no_show,28,0
4102,67,2026-02-26,10:00,completed,38,300
4103,170,2026-02-26,10:45,cancelled,29,0
4104,112,2026-02-26,17:00,completed,5,300
4105,168,2026-02-26,14:30,completed,31,500
4106,104,2026-02-26,8:15,completed,8,800
4107,194,2026-02-26,14:30,completed,32,400
4108,171,2026-02-26,11:45,completed,34,800
4109,155,2026-02-26,13:00,completed,34,270.0
4110,129,2026-02-26,16:00,completed,28,720.0
4111,178,2026-02-26,16:00,completed,16,400
4112,95,2026-02-26,12:15,completed,21,180.0
4113,2,2026-02-26,9:00,cancelled,16,0
4114,131,2026-02-26,15:15,no_show,36,0
4115,136,2026-02-26,14:30,cancelled,15,0
4116,21,2026-02-26,15:00,completed,9,400
4117,95,2026-02-26,17:30,completed,28,180.0
4118,14,2026-02-26,14:30,completed,23,500
4119,127,2026-02-26,16:45,completed,16,400
4120,8,2026-02-26,8:45,completed,33,1200
4121,53,2026-02-26,10:30,completed,30,720.0
4122,89,2026-02-26,14:30,completed,9,200
4123,124,2026-02-26,8:45,completed,36,500
4124,169,2026-02-26,11:15,completed,39,300
4125,156,2026-02-26,15:00,completed,40,500
4126,152,2026-02-26,15:15,completed,12,1200
4127,200,2026-02-26,11:45,completed,27,315.0
4128,157,2026-02-26,16:15,completed,27,315.0
4129,69,2026-02-26,11:00,completed,18,800
4130,82,2026-02-26,15:00,completed,10,500
4131,18,2026-02-26,13:45,completed,31,720.0
4132,62,2026-02-26,12:15,completed,10,300
4133,126,2026-02-26,8:45,completed,36,450.0
4134,188,2026-02-26,8:00,completed,40,800
4135,115,2026-02-26,11:00,completed,24,1200
4136,174,2026-02-26,16:15,completed,39,1200
4137,70,2026-02-26,8:00,completed,40,450.0
4138,111,2026-02-26,16:15,no_show,15,0
4139,166,2026-02-26,10:15,completed,8,200
4140,95,2026-02-26,8:45,completed,40,450.0
4141,12,2026-02-26,14:45,completed,12,1080.0
4142,4,2026-02-26,14:45,completed,32,500
4143,30,2026-02-26,16:30,no_show,27,0
4144,76,2026-02-26,13:45,cancelled,18,0
4145,152,2026-02-26,9:00,completed,19,360.0
4146,22,2026-02-26,17:00,completed,6,200
4147,175,2026-02-26,11:00,no_show,8,0
4148,65,2026-02-26,8:45,completed,6,800
4149,137,2026-02-26,13:45,no_show,32,0
4150,29,2026-02-26,9:30,no_show,7,0
4151,39,2026-02-26,9:30,completed,25,315.0
4152,185,2026-02-26,11:00,completed,22,500
4153,199,2026-02-26,17:45,completed,19,300
4154,147,2026-02-26,12:30,completed,13,1080.0
4155,44,2026-02-26,11:30,cancelled,5,0
4156,194,2026-02-26,8:15,completed,24,200
4157,111,2026-02-26,8:15,cancelled,40,0
4158,45,2026-02-26,11:15,completed,8,800
4159,112,2026-02-26,14:30,completed,24,350
4160,91,2026-02-26,16:45,completed,27,1200
4161,89,2026-02-26,8:00,completed,9,200
4162,67,2026-02-26,15:00,completed,31,350
4163,94,2026-02-26,12:00,completed,29,350
4164,40,2026-02-26,12:30,cancelled,13,0
4165,160,2026-02-26,17:45,completed,39,300
4166,99,2026-02-27,13:00,completed,18,400
4167,198,2026-02-27,14:45,completed,24,500
4168,41,2026-02-27,14:00,completed,37,1200
4169,163,2026-02-27,9:45,no_show,23,0
4170,9,2026-02-27,16:30,completed,7,270.0
4171,83,2026-02-27,16:45,completed,34,450.0
4172,125,2026-02-27,14:15,completed,35,800
4173,3,2026-02-27,9:00,completed,32,450.0
4174,169,2026-02-27,12:45,completed,18,300
4175,98,2026-02-27,9:15,completed,20,400
4176,191,2026-02-27,10:45,completed,19,200
4177,158,2026-02-27,12:30,completed,30,500
4178,4,2026-02-27,14:00,completed,23,350
4179,76,2026-02-27,8:45,no_show,23,0
4180,158,2026-02-27,15:00,completed,34,180.0
4181,119,2026-02-27,9:00,completed,17,180.0
4182,102,2026-02-27,15:30,no_show,17,0
4183,42,2026-02-27,9:45,completed,39,180.0
4184,187,2026-02-27,10:00,completed,29,400
4185,1,2026-02-27,8:00,completed,24,1200
4186,43,2026-02-27,17:45,cancelled,21,0
4187,37,2026-02-27,8:00,no_show,13,0
4188,5,2026-02-27,12:30,completed,16,1200
4189,126,2026-02-27,11:00,completed,15,400
4190,10,2026-02-27,11:45,completed,22,720.0
4191,72,2026-02-27,10:15,completed,39,200
4192,143,2026-02-27,13:30,completed,40,350
4193,152,2026-02-27,11:15,completed,10,270.0
4194,156,2026-02-27,8:45,completed,25,300
4195,152,2026-02-27,10:45,completed,18,315.0
4196,109,2026-02-27,13:45,completed,35,800
4197,44,2026-02-27,16:30,completed,8,180.0
4198,93,2026-02-27,14:45,completed,33,360.0
4199,11,2026-02-27,13:30,completed,25,500
4200,76,2026-02-27,10:30,completed,39,270.0
4201,11,2026-02-27,15:45,completed,29,1200
4202,86,2026-02-27,10:30,cancelled,7,0
4203,166,2026-02-27,12:45,completed,7,450.0
4204,122,2026-02-27,14:15,completed,23,400
4205,111,2026-02-27,8:15,completed,9,500
4206,67,2026-02-27,8:45,completed,18,300
4207,143,2026-02-27,16:45,completed,21,500
4208,147,2026-02-27,8:15,completed,5,315.0
4209,79,2026-02-27,10:30,completed,37,1200
4210,24,2026-02-27,11:30,completed,33,315.0
4211,199,2026-02-27,10:00,completed,22,450.0
4212,70,2026-02-27,16:30,cancelled,35,0
4213,162,2026-02-27,12:30,completed,5,720.0
4214,82,2026-02-27,10:30,completed,29,500
4215,41,2026-02-27,8:45,completed,5,1200
4216,169,2026-02-27,8:15,completed,19,800
4217,112,2026-02-27,11:15,cancelled,5,0
4218,150,2026-02-27,14:30,completed,36,400
4219,121,2026-02-27,9:00,completed,35,1080.0
4220,13,2026-02-27,15:45,completed,39,450.0
4221,22,2026-02-27,8:45,completed,39,450.0
4222,178,2026-02-27,11:00,completed,6,180.0
4223,42,2026-02-27,11:45,completed,32,500
4224,114,2026-02-27,17:00,no_show,35,0
4225,64,2026-02-27,8:00,cancelled,33,0
4226,81,2026-02-27,10:45,completed,16,400
4227,27,2026-02-27,14:15,completed,9,270.0
4228,134,2026-02-27,15:30,cancelled,9,0
4229,60,2026-02-27,12:45,completed,32,800
4230,133,2026-02-28,15:15,completed,37,300
4231,9,2026-02-28,13:30,cancelled,13,0
4232,68,2026-02-28,9:00,completed,32,1200
4233,16,2026-02-28,11:30,completed,32,500
4234,162,2026-02-28,8:30,cancelled,14,0
4235,61,2026-02-28,14:15,completed,32,350
4236,9,2026-02-28,12:30,completed,16,400
4237,40,2026-02-28,16:45,completed,26,200
4238,154,2026-02-28,14:15,completed,33,400
4239,137,2026-02-28,16:15,completed,24,800
4240,108,2026-02-28,8:00,completed,5,300
4241,154,2026-02-28,15:15,completed,7,400
4242,20,2026-02-28,15:00,completed,26,720.0
4243,80,2026-02-28,13:15,completed,18,200
4244,115,2026-02-28,12:45,completed,21,350
4245,188,2026-02-28,10:15,completed,29,180.0
4246,30,2026-02-28,15:45,completed,10,315.0
4247,139,2026-02-28,15:30,no_show,22,0
4248,169,2026-02-28,9:30,completed,18,300
4249,16,2026-02-28,12:15,completed,18,800
4250,79,2026-02-28,8:00,completed,33,500
4251,189,2026-02-28,9:45,completed,19,720.0
4252,93,2026-02-28,15:15,completed,29,300
4253,85,2026-02-28,10:45,completed,17,1200
4254,2,2026-02-28,8:45,completed,24,180.0
4255,193,2026-02-28,17:30,cancelled,32,0
4256,168,2026-02-28,10:00,completed,21,800
4257,120,2026-02-28,14:15,completed,39,200
4258,199,2026-02-28,17:45,completed,24,350
4259,2,2026-02-28,14:30,no_show,37,0
4260,137,2026-02-28,15:15,completed,23,300
4261,117,2026-02-28,11:30,completed,5,500
4262,97,2026-02-28,17:30,completed,26,350
4263,187,2026-02-28,11:00,cancelled,16,0
4264,179,2026-02-28,14:00,completed,35,200
4265,56,2026-02-28,9:00,completed,28,180.0
4266,123,2026-02-28,13:30,completed,15,400
4267,47,2026-02-28,13:45,no_show,28,0
4268,198,2026-02-28,13:30,completed,27,180.0
4269,165,2026-02-28,15:30,completed,20,800
4270,108,2026-02-28,15:30,completed,39,720.0
4271,34,2026-02-28,16:45,completed,11,315.0
4272,154,2026-02-28,13:00,completed,37,200
4273,20,2026-02-28,14:30,cancelled,16,0
4274,166,2026-02-28,15:00,completed,34,360.0
4275,37,2026-02-28,8:45,completed,15,800
4276,130,2026-02-28,8:45,completed,27,450.0
4277,194,2026-02-28,12:15,no_show,8,0
4278,192,2026-02-28,17:30,completed,31,800
4279,198,2026-02-28,13:45,completed,39,200
4280,98,2026-02-28,9:00,completed,33,500
4281,9,2026-02-28,15:15,completed,26,350
4282,192,2026-02-28,11:00,cancelled,40,0
4283,69,2026-02-28,11:15,completed,39,350
4284,162,2026-02-28,14:45,completed,7,300
4285,106,2026-02-28,15:30,completed,38,800
4286,43,2026-02-28,9:00,completed,27,400
4287,77,2026-02-28,16:00,completed,24,800
4288,126,2026-02-28,13:45,completed,12,500
4289,26,2026-02-28,10:15,completed,12,1200
4290,83,2026-02-28,11:00,completed,37,200
4291,200,2026-02-28,8:30,no_show,29,0
4292,2,2026-02-28,16:30,completed,23,500
4293,19,2026-02-28,17:15,completed,32,500
4294,154,2026-02-28,15:00,completed,15,180.0
4295,40,2026-02-28,13:00,completed,10,200
4296,155,2026-02-28,10:15,completed,5,400
4297,138,2026-03-01,9:45,completed,33,400
4298,170,2026-03-01,9:00,cancelled,16,0
4299,104,2026-03-01,16:00,completed,16,360.0
4300,151,2026-03-01,11:45,completed,10,720.0
4301,166,2026-03-01,12:45,completed,33,360.0
4302,2,2026-03-01,14:45,completed,31,360.0
4303,192,2026-03-01,14:15,no_show,33,0
4304,166,2026-03-01,8:30,completed,17,400
4305,162,2026-03-01,17:45,completed,23,300
4306,56,2026-03-01,16:15,completed,25,350
4307,156,2026-03-01,9:00,completed,15,200
4308,107,2026-03-01,11:30,completed,33,350
4309,87,2026-03-01,16:00,completed,12,400
4310,155,2026-03-01,8:00,completed,12,400
4311,87,2026-03-01,9:00,completed,34,350
4312,36,2026-03-01,14:30,cancelled,9,0
4313,167,2026-03-01,17:45,completed,10,500
4314,97,2026-03-01,14:00,completed,31,360.0
4315,135,2026-03-01,16:30,completed,28,1200
4316,16,2026-03-01,17:45,completed,22,200
4317,111,2026-03-01,12:45,no_show,12,0
4318,5,2026-03-01,15:15,completed,9,450.0
4319,164,2026-03-01,8:45,completed,29,200
4320,200,2026-03-01,10:45,completed,16,500
4321,96,2026-03-01,13:45,cancelled,16,0
4322,166,2026-03-01,17:00,completed,13,350
4323,166,2026-03-01,12:45,completed,25,500
4324,84,2026-03-01,12:15,completed,6,500
4325,124,2026-03-01,8:45,completed,37,1200
4326,73,2026-03-01,12:15,completed,25,800
4327,189,2026-03-01,11:00,cancelled,33,0
4328,58,2026-03-01,15:45,completed,18,350
4329,118,2026-03-01,11:45,completed,21,720.0
4330,158,2026-03-01,9:00,completed,24,350
4331,196,2026-03-01,14:30,cancelled,29,0
4332,182,2026-03-01,15:00,completed,9,300
4333,42,2026-03-01,9:15,completed,36,450.0
4334,118,2026-03-01,10:30,completed,39,300
4335,160,2026-03-01,11:30,completed,31,1080.0
4336,116,2026-03-01,10:45,completed,29,300
4337,71,2026-03-01,11:15,no_show,24,0
4338,170,2026-03-01,10:30,completed,18,800
4339,93,2026-03-01,11:30,completed,10,350
4340,61,2026-03-01,13:45,completed,14,800
4341,12,2026-03-01,16:00,cancelled,35,0
4342,5,2026-03-01,12:00,completed,35,350
4343,192,2026-03-01,16:15,completed,27,200
4344,42,2026-03-01,15:15,cancelled,17,0
4345,75,2026-03-01,15:45,completed,28,500
4346,116,2026-03-01,14:30,completed,9,200
4347,137,2026-03-01,9:45,no_show,9,0
4348,15,2026-03-01,14:15,completed,27,180.0
4349,12,2026-03-01,12:15,cancelled,23,0
4350,67,2026-03-01,13:45,completed,30,500
4351,159,2026-03-01,10:30,completed,32,400
4352,84,2026-03-01,16:45,completed,32,350
4353,176,2026-03-01,8:30,completed,6,400
4354,151,2026-03-01,9:00,completed,9,200
4355,29,2026-03-01,10:15,no_show,28,0
4356,17,2026-03-01,11:15,cancelled,15,0
4357,25,2026-03-01,9:15,completed,19,400
4358,100,2026-03-01,9:15,completed,7,350
4359,80,2026-03-01,8:45,completed,28,1080.0
4360,145,2026-03-01,12:00,completed,38,500
4361,33,2026-03-01,15:45,completed,23,500
4362,144,2026-03-01,17:30,no_show,20,0
4363,38,2026-03-01,10:15,completed,17,200
4364,108,2026-03-01,16:00,completed,29,315.0
4365,143,2026-03-01,13:30,no_show,13,0
4366,172,2026-03-01,8:00,completed,30,270.0
4367,8,2026-03-01,9:45,completed,36,500
4368,179,2026-03-01,13:00,completed,39,1200
4369,68,2026-03-01,9:00,completed,38,1200
4370,163,2026-03-01,16:45,completed,23,315.0
4371,39,2026-03-01,11:30,completed,39,180.0
4372,162,2026-03-01,13:45,completed,16,400
4373,186,2026-03-01,9:00,cancelled,37,0
4374,184,2026-03-01,16:45,completed,26,1200
4375,151,2026-03-01,10:15,completed,7,350
4376,73,2026-03-01,8:30,completed,34,800
4377,15,2026-03-01,15:45,cancelled,26,0
4378,42,2026-03-01,11:45,completed,24,270.0
4379,138,2026-03-01,17:45,completed,38,360.0
4380,197,2026-03-01,12:00,completed,5,400
4381,97,2026-03-02,16:45,no_show,30,0
4382,118,2026-03-02,8:45,completed,20,360.0
4383,160,2026-03-02,11:15,completed,21,200
4384,66,2026-03-02,17:30,completed,25,800
4385,125,2026-03-02,15:30,completed,11,300
4386,9,2026-03-02,8:30,completed,19,270.0
4387,164,2026-03-02,13:30,completed,36,450.0
4388,58,2026-03-02,10:45,completed,35,200
4389,160,2026-03-02,11:30,cancelled,38,0
4390,56,2026-03-02,15:30,completed,8,300
4391,184,2026-03-02,10:00,completed,19,1200
4392,108,2026-03-02,11:15,completed,30,450.0
4393,80,2026-03-02,13:30,completed,24,500
4394,48,2026-03-02,12:15,completed,38,500
4395,137,2026-03-02,16:30,completed,26,300
4396,194,2026-03-02,12:00,completed,26,500
4397,198,2026-03-02,12:30,completed,6,270.0
4398,26,2026-03-02,11:30,cancelled,20,0
4399,92,2026-03-02,16:00,completed,36,300
4400,91,2026-03-02,9:15,completed,10,270.0
4401,93,2026-03-02,15:30,completed,15,800
4402,152,2026-03-02,10:15,completed,16,350
4403,9,2026-03-02,14:30,completed,39,450.0
4404,96,2026-03-02,16:45,completed,8,180.0
4405,171,2026-03-02,16:30,completed,20,200
4406,149,2026-03-02,13:45,completed,7,1200
4407,92,2026-03-02,11:45,completed,27,400
4408,140,2026-03-02,10:00,completed,18,360.0
4409,131,2026-03-02,17:45,no_show,35,0
4410,126,2026-03-02,15:45,completed,22,350
4411,166,2026-03-02,14:00,completed,14,500
4412,75,2026-03-02,11:15,completed,40,350
4413,87,2026-03-02,11:00,completed,22,500
4414,193,2026-03-02,13:00,completed,39,300
4415,117,2026-03-02,11:00,completed,34,720.0
4416,93,2026-03-02,10:00,completed,34,300
4417,139,2026-03-02,12:00,completed,36,350
4418,134,2026-03-02,9:30,no_show,35,0
4419,150,2026-03-02,9:00,no_show,26,0
4420,96,2026-03-02,14:45,completed,20,350
4421,150,2026-03-02,15:30,completed,6,200
4422,27,2026-03-02,16:45,completed,38,500
4423,11,2026-03-03,17:00,completed,33,800
4424,17,2026-03-03,10:45,completed,15,450.0
4425,85,2026-03-03,14:15,completed,9,400
4426,112,2026-03-03,11:00,completed,17,350
4427,168,2026-03-03,8:15,completed,17,800
4428,63,2026-03-03,14:45,completed,33,450.0
4429,91,2026-03-03,15:30,completed,31,270.0
4430,171,2026-03-03,10:30,completed,39,800
4431,17,2026-03-03,15:15,completed,29,350
4432,73,2026-03-03,14:30,no_show,21,0
4433,116,2026-03-03,14:00,completed,37,180.0
4434,135,2026-03-03,12:15,completed,17,1200
4435,41,2026-03-03,9:00,cancelled,31,0
4436,179,2026-03-03,12:15,completed,36,180.0
4437,174,2026-03-03,13:15,completed,16,300
4438,87,2026-03-03,15:30,completed,31,500
4439,122,2026-03-03,13:15,completed,36,200
4440,95,2026-03-03,12:15,completed,19,300
4441,10,2026-03-03,8:30,completed,24,800
4442,25,2026-03-03,14:15,completed,21,360.0
4443,165,2026-03-03,9:15,completed,31,1200
4444,108,2026-03-03,10:15,completed,21,800
4445,77,2026-03-03,14:45,completed,21,500
4446,5,2026-03-03,9:15,completed,15,500
4447,23,2026-03-03,14:00,completed,10,1200
4448,43,2026-03-03,15:15,completed,13,350
4449,23,2026-03-03,17:00,no_show,37,0
4450,132,2026-03-03,8:00,no_show,14,0
4451,36,2026-03-03,16:45,completed,8,350
4452,111,2026-03-03,8:45,completed,12,300
4453,120,2026-03-03,12:45,completed,6,450.0
4454,180,2026-03-03,16:30,cancelled,29,0
4455,196,2026-03-03,16:15,completed,26,500
4456,21,2026-03-03,10:15,completed,19,500
4457,94,2026-03-03,9:45,cancelled,22,0
4458,117,2026-03-03,16:30,no_show,21,0
4459,158,2026-03-03,13:15,cancelled,16,0
4460,97,2026-03-03,8:45,completed,31,360.0
4461,117,2026-03-03,14:45,completed,15,500
4462,130,2026-03-03,8:15,completed,12,720.0
4463,169,2026-03-03,11:15,completed,29,350
4464,13,2026-03-03,17:45,completed,35,1200
4465,13,2026-03-03,10:45,completed,17,300
4466,9,2026-03-03,16:00,completed,30,500
4467,104,2026-03-03,9:00,completed,32,200
4468,49,2026-03-03,9:15,completed,32,800
4469,102,2026-03-03,15:00,completed,6,200
4470,5,2026-03-03,16:30,completed,6,200
4471,138,2026-03-03,11:15,completed,18,720.0
4472,112,2026-03-03,12:15,completed,18,400
4473,73,2026-03-03,9:30,completed,22,315.0
4474,135,2026-03-03,13:45,completed,21,400
4475,69,2026-03-03,15:45,completed,23,350
4476,183,2026-03-03,13:30,completed,9,200
4477,135,2026-03-03,11:30,no_show,23,0
4478,106,2026-03-03,14:45,no_show,35,0
4479,168,2026-03-03,15:30,completed,11,350
4480,160,2026-03-03,17:45,completed,17,400
4481,188,2026-03-03,8:45,completed,34,500
4482,200,2026-03-03,14:30,no_show,22,0
4483,113,2026-03-03,15:15,completed,6,200
4484,103,2026-03-03,12:15,completed,31,300
4485,77,2026-03-03,8:00,cancelled,19,0
4486,182,2026-03-03,15:00,cancelled,15,0
4487,178,2026-03-03,12:00,completed,22,300
4488,32,2026-03-03,11:15,completed,23,400
4489,59,2026-03-04,13:45,completed,10,350
4490,48,2026-03-04,9:45,no_show,35,0
4491,165,2026-03-04,13:15,completed,38,800
4492,94,2026-03-04,14:00,completed,24,800
4493,48,2026-03-04,17:30,completed,24,270.0
4494,168,2026-03-04,12:45,no_show,32,0
4495,107,2026-03-04,14:45,completed,29,315.0
4496,13,2026-03-04,17:45,completed,12,350
4497,159,2026-03-04,17:45,completed,39,350
4498,47,2026-03-04,10:30,completed,16,350
4499,149,2026-03-04,11:00,no_show,8,0
4500,127,2026-03-04,11:00,cancelled,32,0
4501,140,2026-03-04,16:15,completed,33,180.0
4502,195,2026-03-04,15:15,cancelled,38,0
4503,190,2026-03-04,17:15,completed,36,450.0
4504,148,2026-03-04,15:15,completed,30,270.0
4505,89,2026-03-04,16:45,completed,5,200
4506,184,2026-03-04,15:30,completed,17,180.0
4507,101,2026-03-04,12:30,no_show,15,0
4508,190,2026-03-04,10:45,completed,27,450.0
4509,37,2026-03-04,11:15,cancelled,21,0
4510,53,2026-03-04,12:30,no_show,31,0
4511,116,2026-03-04,12:00,completed,8,500
4512,135,2026-03-04,9:45,cancelled,37,0
4513,184,2026-03-04,13:00,cancelled,37,0
4514,45,2026-03-04,12:15,completed,32,360.0
4515,152,2026-03-04,14:15,completed,5,400
4516,132,2026-03-04,15:00,completed,28,350
4517,23,2026-03-04,14:45,completed,19,360.0
4518,35,2026-03-04,13:45,completed,16,500
4519,28,2026-03-04,16:45,no_show,28,0
4520,138,2026-03-04,11:30,completed,6,1200
4521,147,2026-03-04,16:30,completed,5,400
4522,103,2026-03-04,16:15,completed,10,300
4523,22,2026-03-04,10:30,no_show,5,0
4524,143,2026-03-04,12:45,completed,12,350
4525,4,2026-03-04,9:15,completed,32,180.0
4526,181,2026-03-04,13:15,completed,7,400
4527,38,2026-03-04,12:15,completed,6,500
4528,21,2026-03-04,9:00,completed,7,180.0
4529,141,2026-03-04,10:30,completed,7,800
4530,9,2026-03-05,11:45,completed,14,180.0
4531,45,2026-03-05,10:15,cancelled,18,0
4532,34,2026-03-05,14:15,completed,14,350
4533,84,2026-03-05,9:15,completed,29,400
4534,138,2026-03-05,10:00,completed,16,200
4535,10,2026-03-05,15:30,completed,39,300
4536,163,2026-03-05,16:15,cancelled,39,0
4537,96,2026-03-05,8:30,completed,38,500
4538,33,2026-03-05,14:15,completed,35,200
4539,55,2026-03-05,10:15,completed,24,350
4540,45,2026-03-05,9:45,completed,14,200
4541,198,2026-03-05,16:45,cancelled,23,0
4542,154,2026-03-05,9:15,completed,25,800
4543,8,2026-03-05,10:15,completed,31,300
4544,186,2026-03-05,17:15,completed,30,500
4545,121,2026-03-05,11:15,completed,7,500
4546,46,2026-03-05,14:15,completed,26,360.0
4547,144,2026-03-05,13:00,no_show,16,0
4548,167,2026-03-05,11:00,completed,16,300
4549,55,2026-03-05,14:00,completed,6,200
4550,81,2026-03-05,9:00,completed,6,720.0
4551,90,2026-03-05,13:45,completed,40,300
4552,176,2026-03-05,17:45,completed,38,350
4553,187,2026-03-05,16:15,completed,5,180.0
4554,122,2026-03-05,15:30,completed,17,800
4555,40,2026-03-05,14:30,completed,35,350
4556,137,2026-03-05,15:15,completed,36,800
4557,4,2026-03-05,16:15,completed,14,400
4558,133,2026-03-05,9:00,completed,38,300
4559,112,2026-03-05,11:15,completed,18,350
4560,110,2026-03-05,17:15,completed,34,300
4561,144,2026-03-05,8:00,cancelled,9,0
4562,17,2026-03-05,12:30,completed,33,500
4563,38,2026-03-05,13:30,completed,24,200
4564,5,2026-03-05,10:45,no_show,25,0
4565,172,2026-03-05,16:15,completed,25,800
4566,200,2026-03-05,15:15,completed,31,1080.0
4567,1,2026-03-05,10:45,no_show,25,0
4568,121,2026-03-05,10:45,cancelled,39,0
4569,73,2026-03-05,9:45,completed,21,1200
4570,164,2026-03-05,16:45,completed,14,800
4571,132,2026-03-05,12:00,no_show,21,0
4572,177,2026-03-05,14:15,cancelled,37,0
4573,56,2026-03-05,12:15,completed,7,1200
4574,105,2026-03-05,16:15,cancelled,6,0
4575,173,2026-03-05,12:45,completed,19,400
4576,199,2026-03-05,16:45,completed,27,800
4577,46,2026-03-05,15:45,completed,17,350
4578,132,2026-03-05,8:15,completed,21,200
4579,118,2026-03-05,14:15,completed,28,400
4580,86,2026-03-05,11:30,completed,38,350
4581,70,2026-03-05,10:15,no_show,24,0
4582,143,2026-03-05,13:15,completed,40,350
4583,121,2026-03-05,12:00,completed,23,1200
4584,139,2026-03-05,13:15,no_show,22,0
4585,129,2026-03-05,17:00,completed,10,500
4586,8,2026-03-05,15:30,completed,25,1200
4587,45,2026-03-05,16:30,completed,37,360.0
4588,62,2026-03-05,10:00,completed,37,350
4589,24,2026-03-05,16:30,no_show,36,0
4590,130,2026-03-05,9:30,completed,30,300
4591,101,2026-03-05,10:45,completed,25,360.0
4592,3,2026-03-05,12:15,completed,18,500
4593,156,2026-03-05,16:15,completed,35,500
4594,119,2026-03-05,15:30,completed,7,500
4595,33,2026-03-05,11:00,cancelled,27,0
4596,38,2026-03-05,15:00,completed,27,500
4597,75,2026-03-05,12:00,completed,10,400
4598,165,2026-03-05,12:45,completed,8,300
4599,188,2026-03-05,14:30,cancelled,39,0
4600,11,2026-03-05,16:00,completed,33,1200
4601,136,2026-03-05,13:45,completed,35,300
4602,32,2026-03-05,8:30,completed,13,1200
4603,159,2026-03-05,11:45,completed,10,500
4604,158,2026-03-05,12:45,completed,25,500
4605,79,2026-03-05,9:45,no_show,13,0
4606,120,2026-03-05,8:30,completed,38,500
4607,174,2026-03-05,8:30,completed,14,300
4608,101,2026-03-05,10:45,completed,37,300
4609,183,2026-03-05,10:15,completed,14,400
4610,111,2026-03-05,8:15,completed,23,315.0
4611,91,2026-03-05,9:15,completed,36,200
4612,191,2026-03-05,15:30,completed,6,300
4613,186,2026-03-05,9:15,completed,39,315.0
4614,62,2026-03-05,12:00,completed,21,1200
4615,65,2026-03-05,8:15,completed,34,500
4616,168,2026-03-05,13:45,completed,32,800
4617,132,2026-03-06,16:30,completed,19,800
4618,80,2026-03-06,15:15,completed,36,400
4619,149,2026-03-06,8:30,completed,32,500
4620,130,2026-03-06,13:30,completed,34,1080.0
4621,92,2026-03-06,17:45,no_show,24,0
4622,144,2026-03-06,16:15,completed,37,500
4623,107,2026-03-06,10:45,completed,37,300
4624,156,2026-03-06,12:30,completed,19,800
4625,43,2026-03-06,10:30,completed,8,1200
4626,64,2026-03-06,11:30,completed,27,720.0
4627,200,2026-03-06,15:45,cancelled,29,0
4628,156,2026-03-06,9:15,completed,12,300
4629,104,2026-03-06,14:45,completed,14,450.0
4630,126,2026-03-06,15:30,completed,13,720.0
4631,192,2026-03-06,13:15,completed,32,720.0
4632,175,2026-03-06,11:30,completed,26,200
4633,60,2026-03-06,13:30,completed,29,200
4634,52,2026-03-06,16:00,completed,37,500
4635,1,2026-03-06,14:00,completed,28,1200
4636,44,2026-03-06,14:30,no_show,24,0
4637,100,2026-03-06,10:15,completed,9,1200
4638,66,2026-03-06,10:15,completed,36,400
4639,194,2026-03-06,12:00,completed,17,200
4640,76,2026-03-06,16:00,cancelled,8,0
4641,5,2026-03-06,12:15,completed,19,350
4642,87,2026-03-06,17:45,no_show,36,0
4643,115,2026-03-06,8:15,completed,35,200
4644,109,2026-03-06,16:30,completed,14,450.0
4645,197,2026-03-06,15:15,completed,35,400
4646,63,2026-03-06,17:30,completed,13,800
4647,177,2026-03-06,8:00,completed,6,315.0
4648,41,2026-03-06,9:00,completed,16,500
4649,158,2026-03-06,14:15,completed,17,500
4650,102,2026-03-06,17:45,completed,35,400
4651,111,2026-03-06,12:45,completed,27,350
4652,191,2026-03-06,12:30,completed,33,300
4653,97,2026-03-06,10:45,completed,30,400
4654,159,2026-03-06,11:45,completed,40,200
4655,28,2026-03-06,13:15,cancelled,23,0
4656,20,2026-03-06,11:15,completed,13,350
4657,65,2026-03-06,10:00,completed,22,450.0
4658,9,2026-03-06,15:15,completed,15,200
4659,68,2026-03-06,16:15,completed,15,720.0
4660,16,2026-03-06,11:00,completed,5,1200
4661,135,2026-03-06,8:00,completed,8,350
4662,98,2026-03-06,11:45,completed,37,180.0
4663,51,2026-03-06,14:00,completed,36,800
4664,105,2026-03-06,8:30,completed,26,360.0
4665,154,2026-03-06,12:15,completed,33,1200
4666,136,2026-03-06,15:45,completed,18,300
4667,66,2026-03-06,8:45,no_show,26,0
4668,110,2026-03-06,17:45,completed,21,1080.0
4669,13,2026-03-06,9:15,cancelled,32,0
4670,21,2026-03-06,12:30,completed,28,360.0
4671,130,2026-03-06,16:00,completed,35,300
4672,129,2026-03-06,14:00,completed,15,1200
4673,34,2026-03-06,15:00,no_show,5,0
4674,132,2026-03-06,11:30,completed,17,1080.0
4675,183,2026-03-06,8:45,completed,24,300
4676,160,2026-03-06,8:30,completed,13,300
4677,23,2026-03-06,14:00,completed,26,500
4678,182,2026-03-06,14:00,completed,20,1200
4679,148,2026-03-06,8:30,completed,14,300
4680,100,2026-03-07,9:15,completed,13,315.0
4681,144,2026-03-07,17:30,cancelled,30,0
4682,186,2026-03-07,13:00,completed,38,360.0
4683,78,2026-03-07,11:15,completed,5,800
4684,179,2026-03-07,12:00,completed,26,400
4685,97,2026-03-07,17:45,completed,16,500
4686,109,2026-03-07,11:00,completed,37,200
4687,10,2026-03-07,12:45,completed,15,270.0
4688,161,2026-03-07,8:15,completed,12,300
4689,36,2026-03-07,8:45,cancelled,12,0
4690,170,2026-03-07,15:45,completed,40,720.0
4691,165,2026-03-07,16:00,no_show,13,0
4692,164,2026-03-07,14:15,completed,32,1080.0
4693,23,2026-03-07,12:15,completed,37,180.0
4694,73,2026-03-07,14:30,completed,5,360.0
4695,101,2026-03-07,13:30,completed,18,270.0
4696,63,2026-03-07,12:30,completed,16,800
4697,10,2026-03-07,16:00,completed,40,500
4698,39,2026-03-07,15:00,completed,6,315.0
4699,193,2026-03-07,8:15,completed,31,720.0
4700,66,2026-03-07,15:30,completed,26,400
4701,91,2026-03-07,13:15,completed,35,315.0
4702,34,2026-03-07,12:15,completed,20,500
4703,9,2026-03-07,17:00,completed,32,500
4704,189,2026-03-07,17:30,no_show,7,0
4705,8,2026-03-07,8:30,no_show,27,0
4706,146,2026-03-07,9:00,cancelled,27,0
4707,25,2026-03-07,8:00,completed,8,1200
4708,3,2026-03-07,12:15,no_show,28,0
4709,6,2026-03-07,8:15,cancelled,25,0
4710,2,2026-03-07,9:15,completed,19,400
4711,33,2026-03-07,12:45,completed,29,360.0
4712,149,2026-03-07,14:00,completed,16,300
4713,146,2026-03-07,11:45,no_show,40,0
4714,188,2026-03-07,12:45,completed,18,350
4715,117,2026-03-07,17:30,completed,9,800
4716,63,2026-03-07,13:15,completed,13,400
4717,169,2026-03-07,17:15,completed,34,500
4718,8,2026-03-07,10:00,completed,24,450.0
4719,13,2026-03-07,15:30,completed,25,315.0
4720,33,2026-03-07,12:00,completed,38,300
4721,158,2026-03-07,17:15,no_show,18,0
4722,23,2026-03-07,10:30,completed,7,200
4723,162,2026-03-07,11:45,completed,39,270.0
4724,139,2026-03-07,11:15,completed,25,400
4725,52,2026-03-07,13:30,completed,37,400
4726,184,2026-03-07,17:00,no_show,20,0
4727,63,2026-03-07,14:30,completed,40,500
4728,110,2026-03-07,10:45,completed,20,200
4729,82,2026-03-08,14:30,completed,5,350
4730,194,2026-03-08,14:15,completed,16,350
4731,125,2026-03-08,17:15,completed,15,350
4732,128,2026-03-08,10:30,completed,11,720.0
4733,142,2026-03-08,12:45,completed,27,500
4734,109,2026-03-08,16:45,completed,36,500
4735,185,2026-03-08,8:00,completed,20,450.0
4736,101,2026-03-08,13:00,cancelled,29,0
4737,147,2026-03-08,12:45,completed,39,800
4738,58,2026-03-08,9:00,cancelled,31,0
4739,74,2026-03-08,9:00,completed,9,200
4740,169,2026-03-08,10:15,completed,18,400
4741,173,2026-03-08,10:30,completed,18,200
4742,49,2026-03-08,10:45,completed,19,180.0
4743,194,2026-03-08,10:00,completed,28,1200
4744,22,2026-03-08,13:15,completed,28,350
4745,156,2026-03-08,15:00,completed,24,360.0
4746,48,2026-03-08,9:45,completed,20,300
4747,98,2026-03-08,13:00,cancelled,24,0
4748,3,2026-03-08,10:15,cancelled,30,0
4749,8,2026-03-08,9:00,cancelled,26,0
4750,161,2026-03-08,8:45,completed,9,350
4751,191,2026-03-08,15:30,completed,30,315.0
4752,187,2026-03-08,16:30,completed,17,1200
4753,27,2026-03-08,11:00,cancelled,30,0
4754,86,2026-03-08,9:45,no_show,9,0
4755,156,2026-03-08,13:30,completed,9,270.0
4756,35,2026-03-08,14:45,completed,14,500
4757,71,2026-03-08,11:00,completed,17,200
4758,115,2026-03-08,14:00,completed,28,1200
4759,29,2026-03-08,17:30,completed,12,180.0
4760,109,2026-03-08,9:45,completed,26,200
4761,87,2026-03-08,14:30,no_show,26,0
4762,47,2026-03-08,11:15,completed,21,360.0
4763,13,2026-03-08,13:45,completed,39,1200
4764,141,2026-03-08,15:30,completed,16,1200
4765,38,2026-03-08,12:00,completed,23,300
4766,77,2026-03-08,10:15,completed,24,300
4767,181,2026-03-08,10:45,cancelled,15,0
4768,127,2026-03-08,9:00,completed,7,360.0
4769,84,2026-03-08,8:15,completed,39,200
4770,151,2026-03-08,16:15,completed,15,1080.0
4771,97,2026-03-08,12:00,completed,35,270.0
4772,83,2026-03-08,17:30,completed,7,1200
4773,137,2026-03-08,14:45,completed,26,1200
4774,41,2026-03-08,13:30,completed,32,180.0
4775,182,2026-03-08,12:45,completed,36,350
4776,178,2026-03-08,16:15,completed,15,270.0
4777,110,2026-03-08,8:30,completed,20,200
4778,66,2026-03-08,12:45,completed,23,400
4779,123,2026-03-08,11:15,completed,16,400
4780,198,2026-03-08,16:45,completed,29,400
4781,122,2026-03-08,10:30,completed,36,350
4782,69,2026-03-08,9:30,completed,25,360.0
4783,63,2026-03-08,9:45,completed,23,500
4784,151,2026-03-08,10:45,cancelled,25,0
4785,1,2026-03-08,12:15,completed,18,1200
4786,56,2026-03-08,11:30,completed,28,180.0
4787,130,2026-03-08,9:45,no_show,9,0
4788,193,2026-03-08,15:00,cancelled,33,0
4789,111,2026-03-08,12:30,completed,16,450.0
4790,177,2026-03-08,13:00,completed,31,350
4791,25,2026-03-08,12:15,no_show,31,0
4792,127,2026-03-08,14:15,no_show,10,0
4793,183,2026-03-08,10:30,completed,29,270.0
4794,88,2026-03-08,15:15,completed,25,1200
4795,3,2026-03-08,13:30,cancelled,14,0
4796,33,2026-03-08,12:15,completed,27,350
4797,53,2026-03-08,10:30,cancelled,22,0
4798,107,2026-03-08,17:30,completed,13,1200
4799,190,2026-03-08,9:30,completed,14,180.0
4800,174,2026-03-08,13:15,completed,32,200
4801,167,2026-03-08,12:15,completed,29,200
4802,24,2026-03-08,8:00,completed,12,800
4803,183,2026-03-08,16:00,completed,10,350
4804,67,2026-03-08,13:00,completed,24,350
4805,137,2026-03-08,8:15,completed,31,200
4806,16,2026-03-08,15:00,completed,29,180.0
4807,124,2026-03-08,15:15,completed,19,350
4808,188,2026-03-08,12:15,completed,29,300
4809,191,2026-03-08,15:15,completed,11,300
4810,13,2026-03-08,16:45,completed,24,360.0
4811,23,2026-03-08,15:00,completed,32,1200
4812,186,2026-03-08,11:00,completed,6,200
4813,174,2026-03-08,9:45,completed,12,350
4814,142,2026-03-08,9:30,cancelled,26,0
4815,72,2026-03-09,15:15,completed,30,300
4816,104,2026-03-09,12:30,completed,18,350
4817,120,2026-03-09,16:30,completed,20,1200
4818,199,2026-03-09,13:30,completed,5,800
4819,120,2026-03-09,11:45,completed,25,500
4820,90,2026-03-09,11:45,completed,7,1080.0
4821,87,2026-03-09,12:15,completed,19,500
4822,193,2026-03-09,13:00,no_show,17,0
4823,131,2026-03-09,13:00,no_show,20,0
4824,86,2026-03-09,11:45,completed,18,180.0
4825,107,2026-03-09,14:45,completed,21,1080.0
4826,200,2026-03-09,9:15,completed,34,360.0
4827,17,2026-03-09,16:45,no_show,21,0
4828,161,2026-03-09,17:45,completed,24,800
4829,15,2026-03-09,11:15,completed,36,1200
4830,160,2026-03-09,13:30,completed,33,350
4831,160,2026-03-09,8:30,completed,7,1200
4832,119,2026-03-09,14:00,completed,21,1200
4833,145,2026-03-09,16:30,completed,38,350
4834,196,2026-03-09,13:30,completed,30,450.0
4835,13,2026-03-09,9:15,completed,25,200
4836,77,2026-03-09,13:00,completed,26,500
4837,125,2026-03-09,15:15,completed,10,350
4838,166,2026-03-09,17:45,completed,27,300
4839,29,2026-03-09,9:00,completed,5,800
4840,133,2026-03-09,17:15,completed,12,350
4841,172,2026-03-09,9:15,completed,17,1080.0
4842,141,2026-03-09,10:45,completed,22,350
4843,91,2026-03-09,12:30,cancelled,36,0
4844,47,2026-03-09,8:30,completed,36,350
4845,185,2026-03-09,11:45,completed,15,360.0
4846,47,2026-03-09,14:30,completed,21,800
4847,21,2026-03-09,12:45,completed,10,300
4848,154,2026-03-09,11:45,completed,28,270.0
4849,174,2026-03-09,14:45,completed,25,400
4850,179,2026-03-09,17:00,completed,9,360.0
4851,70,2026-03-09,17:30,completed,27,720.0
4852,55,2026-03-09,9:15,completed,33,350
4853,65,2026-03-09,17:30,completed,24,1200
4854,89,2026-03-09,17:00,completed,21,400
4855,84,2026-03-09,15:00,completed,25,360.0
4856,100,2026-03-09,14:15,completed,9,350
4857,16,2026-03-09,9:00,completed,8,270.0
4858,131,2026-03-09,13:45,cancelled,17,0
4859,147,2026-03-09,12:15,completed,18,720.0
4860,175,2026-03-09,13:45,completed,16,400
4861,95,2026-03-09,9:00,completed,5,500
4862,33,2026-03-09,9:00,completed,17,800
4863,32,2026-03-09,13:30,completed,33,400
4864,196,2026-03-09,8:30,completed,37,1200
4865,97,2026-03-09,17:15,completed,22,300
4866,59,2026-03-09,10:00,no_show,25,0
4867,200,2026-03-09,13:45,completed,16,800
4868,170,2026-03-09,16:30,completed,15,400
4869,155,2026-03-09,9:15,completed,35,350
4870,98,2026-03-10,13:15,completed,16,1200
4871,178,2026-03-10,12:15,completed,13,350
4872,184,2026-03-10,15:00,completed,8,360.0
4873,107,2026-03-10,11:30,completed,37,270.0
4874,181,2026-03-10,9:30,completed,30,200
4875,105,2026-03-10,9:45,completed,40,315.0
4876,46,2026-03-10,11:15,completed,7,500
4877,179,2026-03-10,17:15,completed,5,200
4878,116,2026-03-10,13:15,no_show,24,0
4879,27,2026-03-10,8:15,cancelled,39,0
4880,135,2026-03-10,11:45,completed,39,500
4881,22,2026-03-10,8:30,completed,30,720.0
4882,144,2026-03-10,17:30,completed,27,300
4883,113,2026-03-10,15:15,completed,36,200
4884,11,2026-03-10,17:30,completed,37,450.0
4885,72,2026-03-10,14:30,completed,19,720.0
4886,153,2026-03-10,8:45,completed,12,1200
4887,59,2026-03-10,14:00,completed,7,800
4888,113,2026-03-10,17:30,completed,17,180.0
4889,67,2026-03-10,16:45,completed,13,360.0
4890,118,2026-03-10,16:45,completed,23,1200
4891,190,2026-03-10,15:00,completed,39,350
4892,8,2026-03-10,17:00,completed,28,300
4893,159,2026-03-10,9:30,completed,10,500
4894,73,2026-03-10,14:45,completed,25,450.0
4895,126,2026-03-10,12:15,completed,32,200
4896,81,2026-03-10,10:45,cancelled,15,0
4897,155,2026-03-10,13:15,completed,16,800
4898,198,2026-03-10,9:00,completed,31,300
4899,154,2026-03-10,11:30,no_show,37,0
4900,89,2026-03-10,8:00,no_show,13,0
4901,41,2026-03-10,9:15,completed,30,180.0
4902,200,2026-03-10,15:00,completed,37,500
4903,163,2026-03-10,11:00,completed,38,180.0
4904,139,2026-03-10,8:45,completed,36,800
4905,194,2026-03-10,17:45,completed,39,350
4906,66,2026-03-10,10:00,completed,15,800
4907,31,2026-03-10,17:30,completed,27,400
4908,60,2026-03-10,14:30,completed,40,800
4909,153,2026-03-10,12:00,completed,32,300
4910,18,2026-03-10,13:30,completed,26,1080.0
4911,55,2026-03-10,10:00,cancelled,28,0
4912,197,2026-03-10,8:15,completed,22,360.0
4913,13,2026-03-10,10:15,cancelled,39,0
4914,82,2026-03-10,17:00,completed,7,800
4915,189,2026-03-10,17:00,completed,32,1200
4916,123,2026-03-11,15:30,completed,27,500
4917,162,2026-03-11,16:15,completed,17,1200
4918,139,2026-03-11,10:15,completed,13,500
4919,54,2026-03-11,13:15,completed,16,180.0
4920,11,2026-03-11,14:15,completed,34,450.0
4921,177,2026-03-11,17:00,completed,28,350
4922,176,2026-03-11,17:30,completed,38,300
4923,153,2026-03-11,14:30,cancelled,22,0
4924,134,2026-03-11,13:15,completed,9,270.0
4925,142,2026-03-11,16:00,no_show,25,0
4926,4,2026-03-11,11:00,no_show,28,0
4927,58,2026-03-11,16:30,cancelled,15,0
4928,45,2026-03-11,10:30,completed,9,500
4929,2,2026-03-11,17:00,completed,23,200
4930,11,2026-03-11,9:15,completed,27,800
4931,12,2026-03-11,9:15,completed,11,450.0
4932,176,2026-03-11,14:45,cancelled,36,0
4933,159,2026-03-11,9:45,completed,29,270.0
4934,47,2026-03-11,15:45,completed,26,270.0
4935,196,2026-03-11,11:00,completed,31,360.0
4936,152,2026-03-11,12:00,completed,12,500
4937,186,2026-03-11,13:45,completed,21,200
4938,109,2026-03-11,15:45,no_show,8,0
4939,139,2026-03-11,15:00,completed,10,800
4940,119,2026-03-11,17:00,completed,38,500
4941,149,2026-03-11,14:00,completed,12,200
4942,141,2026-03-11,17:45,completed,34,360.0
4943,72,2026-03-11,11:15,cancelled,37,0
4944,75,2026-03-11,13:30,completed,36,300
4945,184,2026-03-11,15:00,completed,7,800
4946,38,2026-03-11,16:30,completed,38,315.0
4947,43,2026-03-11,12:30,completed,35,180.0
4948,170,2026-03-11,10:30,completed,38,180.0
4949,175,2026-03-11,10:45,completed,7,1200
4950,198,2026-03-11,10:15,completed,22,400
4951,184,2026-03-11,9:30,completed,22,180.0
4952,24,2026-03-11,9:45,completed,12,180.0
4953,173,2026-03-11,13:45,completed,21,300
4954,189,2026-03-11,8:00,completed,7,400
4955,108,2026-03-11,15:15,completed,24,350
4956,12,2026-03-12,9:30,completed,14,350
4957,115,2026-03-12,13:45,completed,17,800
4958,95,2026-03-12,9:30,completed,23,200
4959,53,2026-03-12,17:45,completed,33,720.0
4960,124,2026-03-12,13:30,completed,40,800
4961,148,2026-03-12,16:00,completed,32,800
4962,1,2026-03-12,9:30,completed,10,300
4963,59,2026-03-12,8:15,no_show,27,0
4964,95,2026-03-12,16:30,no_show,33,0
4965,130,2026-03-12,17:15,completed,36,350
4966,183,2026-03-12,12:15,completed,26,400
4967,135,2026-03-12,10:00,completed,5,1200
4968,40,2026-03-12,10:15,completed,26,360.0
4969,54,2026-03-12,17:45,completed,38,450.0
4970,38,2026-03-12,13:45,completed,16,720.0
4971,142,2026-03-12,10:45,completed,39,400
4972,78,2026-03-12,11:45,no_show,5,0
4973,173,2026-03-12,8:30,completed,8,350
4974,11,2026-03-12,16:30,completed,34,500
4975,150,2026-03-12,11:45,no_show,34,0
4976,198,2026-03-12,14:15,completed,21,350
4977,28,2026-03-12,14:30,completed,12,180.0
4978,24,2026-03-12,15:00,completed,21,350
4979,115,2026-03-12,14:30,completed,37,800
4980,132,2026-03-12,8:30,cancelled,38,0
4981,131,2026-03-12,16:15,completed,18,200
4982,166,2026-03-12,14:45,completed,31,200
4983,197,2026-03-12,12:30,no_show,9,0
4984,160,2026-03-12,10:30,completed,22,1200
4985,179,2026-03-12,8:45,no_show,35,0
4986,192,2026-03-12,16:30,completed,12,1200
4987,116,2026-03-12,12:30,completed,6,800
4988,37,2026-03-12,17:00,completed,30,200
4989,82,2026-03-12,11:30,completed,24,500
4990,49,2026-03-12,12:15,no_show,17,0
4991,121,2026-03-12,15:45,completed,9,300
4992,56,2026-03-12,16:45,completed,29,200
4993,88,2026-03-12,13:45,no_show,34,0
4994,1,2026-03-12,13:15,completed,23,200
4995,94,2026-03-12,14:00,cancelled,31,0
4996,176,2026-03-12,13:15,completed,26,300
4997,135,2026-03-12,17:15,completed,10,300
4998,166,2026-03-12,11:00,no_show,28,0
4999,131,2026-03-13,13:45,completed,10,350
5000,98,2026-03-13,16:15,completed,13,315.0
5001,37,2026-03-13,11:15,no_show,18,0
5002,42,2026-03-13,14:15,completed,28,200
5003,190,2026-03-13,15:15,completed,28,180.0
5004,93,2026-03-13,9:15,completed,36,1200
5005,71,2026-03-13,9:45,no_show,29,0
5006,124,2026-03-13,10:15,cancelled,16,0
5007,51,2026-03-13,13:00,completed,35,300
5008,96,2026-03-13,13:45,no_show,17,0
5009,72,2026-03-13,12:45,completed,37,315.0
5010,163,2026-03-13,17:30,completed,15,800
5011,94,2026-03-13,14:30,completed,32,1200
5012,150,2026-03-13,9:30,completed,30,300
5013,142,2026-03-13,13:15,completed,20,500
5014,22,2026-03-13,8:45,completed,9,400
5015,144,2026-03-13,11:00,completed,18,360.0
5016,82,2026-03-13,16:15,cancelled,19,0
5017,32,2026-03-13,11:15,completed,19,200
5018,70,2026-03-13,16:15,completed,32,800
5019,124,2026-03-13,16:00,completed,26,300
5020,157,2026-03-13,8:15,completed,23,180.0
5021,81,2026-03-13,17:45,completed,25,400
5022,168,2026-03-13,12:45,completed,11,1200
5023,151,2026-03-13,10:45,completed,12,800
5024,193,2026-03-13,10:30,cancelled,20,0
5025,46,2026-03-13,16:30,no_show,10,0
5026,81,2026-03-13,9:00,completed,19,1200
5027,34,2026-03-13,9:00,completed,6,300
5028,7,2026-03-13,9:30,completed,33,1200
5029,98,2026-03-13,12:00,completed,33,300
5030,69,2026-03-13,14:00,no_show,14,0
5031,123,2026-03-13,8:30,completed,23,500
5032,111,2026-03-13,14:30,completed,40,720.0
5033,162,2026-03-13,9:45,completed,5,800
5034,30,2026-03-13,17:15,completed,32,720.0
5035,111,2026-03-13,14:00,completed,29,500
5036,185,2026-03-13,15:00,completed,21,400
5037,180,2026-03-13,16:00,completed,26,1080.0
5038,83,2026-03-13,13:15,completed,31,500
5039,123,2026-03-13,12:30,completed,20,200
5040,147,2026-03-13,17:00,cancelled,38,0
5041,83,2026-03-13,13:45,completed,11,1200
5042,192,2026-03-13,10:30,completed,13,720.0
5043,113,2026-03-13,14:00,completed,18,180.0
5044,74,2026-03-13,17:30,completed,8,720.0
5045,170,2026-03-13,11:30,completed,19,720.0
5046,128,2026-03-13,14:15,completed,24,180.0
5047,24,2026-03-13,15:00,completed,13,300
5048,154,2026-03-13,12:15,completed,36,200
5049,92,2026-03-13,8:45,completed,18,350
5050,112,2026-03-13,9:00,completed,6,800
5051,17,2026-03-13,16:30,completed,15,400
5052,30,2026-03-13,11:15,cancelled,13,0
5053,75,2026-03-14,14:15,no_show,38,0
5054,55,2026-03-14,11:00,cancelled,11,0
5055,161,2026-03-14,15:45,cancelled,23,0
5056,118,2026-03-14,12:00,completed,7,360.0
5057,36,2026-03-14,10:30,completed,8,400
5058,64,2026-03-14,12:30,completed,9,270.0
5059,12,2026-03-14,15:30,completed,23,400
5060,198,2026-03-14,13:00,completed,30,1080.0
5061,58,2026-03-14,14:45,completed,38,500
5062,173,2026-03-14,11:15,completed,23,720.0
5063,64,2026-03-14,17:00,completed,20,720.0
5064,105,2026-03-14,14:00,completed,6,315.0
5065,10,2026-03-14,14:45,cancelled,9,0
5066,37,2026-03-14,12:00,completed,40,720.0
5067,29,2026-03-14,15:00,completed,35,400
5068,121,2026-03-14,10:00,no_show,21,0
5069,52,2026-03-14,14:15,completed,33,720.0
5070,196,2026-03-14,15:30,completed,10,500
5071,144,2026-03-14,13:30,completed,30,800
5072,50,2026-03-14,12:15,completed,35,400
5073,4,2026-03-14,16:30,completed,11,200
5074,162,2026-03-14,15:30,completed,24,1200
5075,13,2026-03-14,13:30,cancelled,22,0
5076,167,2026-03-14,14:45,completed,9,800
5077,98,2026-03-14,13:00,no_show,14,0
5078,53,2026-03-14,17:00,no_show,36,0
5079,99,2026-03-14,12:15,completed,22,270.0
5080,137,2026-03-14,15:30,cancelled,25,0
5081,150,2026-03-14,15:30,completed,7,360.0
5082,80,2026-03-14,14:30,completed,11,300
5083,58,2026-03-14,11:00,completed,12,350
5084,74,2026-03-14,14:15,completed,40,400
5085,130,2026-03-14,10:30,completed,13,300
5086,24,2026-03-14,11:45,completed,22,1080.0
5087,127,2026-03-14,9:30,cancelled,30,0
5088,14,2026-03-14,8:30,completed,12,800
5089,179,2026-03-14,11:00,completed,30,300
5090,84,2026-03-14,17:15,completed,13,180.0
5091,79,2026-03-14,16:30,completed,9,400
5092,109,2026-03-14,13:30,completed,40,200
5093,56,2026-03-14,10:00,cancelled,28,0
5094,7,2026-03-14,17:45,completed,8,450.0
5095,77,2026-03-14,12:45,cancelled,5,0
5096,85,2026-03-14,16:15,completed,11,800
5097,41,2026-03-14,13:30,completed,40,180.0
5098,102,2026-03-14,12:30,completed,38,400
5099,66,2026-03-14,13:00,completed,34,300
5100,17,2026-03-14,10:15,completed,10,200
5101,165,2026-03-14,10:00,no_show,13,0
5102,42,2026-03-14,14:15,completed,23,350
5103,102,2026-03-14,13:15,completed,8,350
5104,138,2026-03-14,8:45,completed,19,350
5105,162,2026-03-14,11:30,completed,32,200
5106,40,2026-03-14,14:00,completed,6,315.0
5107,167,2026-03-14,11:00,completed,17,350
5108,65,2026-03-14,10:15,no_show,19,0
5109,65,2026-03-14,17:30,completed,30,315.0
5110,106,2026-03-14,16:15,no_show,22,0
5111,35,2026-03-14,13:30,completed,35,350
5112,179,2026-03-14,8:00,completed,21,270.0
5113,32,2026-03-14,17:15,completed,32,500
5114,98,2026-03-14,8:45,completed,40,800
5115,62,2026-03-14,14:00,completed,14,350
5116,176,2026-03-14,15:00,completed,11,350
5117,109,2026-03-14,13:45,completed,36,1200
5118,160,2026-03-14,9:15,completed,12,200
5119,61,2026-03-14,9:45,cancelled,16,0
5120,107,2026-03-14,8:00,completed,15,400
5121,87,2026-03-15,13:45,completed,7,800
5122,59,2026-03-15,17:00,completed,6,200
5123,125,2026-03-15,10:30,completed,40,200
5124,156,2026-03-15,11:00,completed,18,720.0
5125,183,2026-03-15,11:30,completed,33,500
5126,83,2026-03-15,12:15,completed,14,180.0
5127,143,2026-03-15,17:15,completed,18,720.0
5128,16,2026-03-15,13:45,completed,15,180.0
5129,149,2026-03-15,8:00,cancelled,30,0
5130,67,2026-03-15,15:15,completed,11,360.0
5131,94,2026-03-15,13:15,completed,5,350
5132,172,2026-03-15,10:30,completed,29,270.0
5133,60,2026-03-15,14:30,completed,10,1200
5134,148,2026-03-15,10:15,completed,28,800
5135,8,2026-03-15,14:30,completed,34,500
5136,151,2026-03-15,13:30,completed,6,800
5137,138,2026-03-15,17:45,completed,21,800
5138,199,2026-03-15,8:15,completed,15,270.0
5139,68,2026-03-15,11:30,no_show,24,0
5140,29,2026-03-15,14:45,completed,31,360.0
5141,184,2026-03-15,15:00,completed,40,270.0
5142,9,2026-03-15,17:45,no_show,38,0
5143,46,2026-03-15,8:00,no_show,17,0
5144,21,2026-03-15,12:30,completed,36,800
5145,53,2026-03-15,10:00,completed,31,350
5146,180,2026-03-15,16:15,completed,35,1080.0
5147,199,2026-03-15,13:30,completed,12,800
5148,39,2026-03-15,10:00,completed,8,1200
5149,121,2026-03-15,8:45,completed,29,800
5150,45,2026-03-15,16:15,completed,16,500
5151,112,2026-03-15,14:15,completed,25,300
5152,15,2026-03-15,11:30,cancelled,5,0
5153,20,2026-03-15,12:30,completed,27,200
5154,150,2026-03-15,16:00,completed,35,800
5155,148,2026-03-15,9:45,completed,12,300
5156,4,2026-03-15,12:00,completed,35,500
5157,123,2026-03-15,10:45,no_show,35,0
5158,183,2026-03-15,15:15,completed,29,720.0
5159,142,2026-03-15,8:00,cancelled,39,0
5160,74,2026-03-15,16:15,completed,40,200
5161,76,2026-03-15,14:15,completed,20,200
5162,140,2026-03-15,15:15,completed,39,800
5163,90,2026-03-15,17:15,completed,20,1200
5164,190,2026-03-15,8:00,completed,37,400
5165,40,2026-03-15,12:00,cancelled,34,0
5166,73,2026-03-15,12:15,completed,22,200
5167,73,2026-03-15,8:45,cancelled,9,0
5168,47,2026-03-15,9:15,completed,16,1080.0
5169,102,2026-03-15,13:30,completed,17,500
5170,179,2026-03-15,13:15,completed,20,400
5171,64,2026-03-15,12:15,completed,32,1200
5172,29,2026-03-15,11:45,completed,22,800
5173,27,2026-03-15,12:00,completed,40,800
5174,122,2026-03-15,17:15,completed,26,1200
5175,55,2026-03-16,9:00,completed,11,200
5176,85,2026-03-16,13:15,completed,19,400
5177,47,2026-03-16,15:30,completed,6,300
5178,54,2026-03-16,8:45,completed,32,1200
5179,18,2026-03-16,8:00,completed,39,500
5180,178,2026-03-16,10:15,completed,40,315.0
5181,56,2026-03-16,14:00,completed,23,400
5182,10,2026-03-16,11:45,no_show,25,0
5183,33,2026-03-16,14:15,completed,27,350
5184,32,2026-03-16,12:15,completed,22,1080.0
5185,180,2026-03-16,10:15,completed,12,300
5186,2,2026-03-16,15:30,no_show,29,0
5187,132,2026-03-16,14:00,completed,24,450.0
5188,100,2026-03-16,15:30,completed,10,180.0
5189,25,2026-03-16,14:00,completed,37,350
5190,189,2026-03-16,13:30,no_show,8,0
5191,24,2026-03-16,9:30,completed,22,200
5192,14,2026-03-16,14:45,completed,6,350
5193,131,2026-03-16,9:45,cancelled,36,0
5194,175,2026-03-16,12:15,completed,30,500
5195,112,2026-03-16,9:15,completed,16,300
5196,7,2026-03-16,16:45,completed,32,270.0
5197,70,2026-03-16,14:30,completed,32,1200
5198,78,2026-03-16,16:00,cancelled,9,0
5199,111,2026-03-16,13:30,completed,40,270.0
5200,105,2026-03-16,10:00,no_show,26,0
5201,39,2026-03-16,16:30,completed,5,1200
5202,20,2026-03-16,10:45,completed,32,720.0
5203,181,2026-03-16,13:15,completed,18,360.0
5204,116,2026-03-16,17:15,completed,38,400
5205,171,2026-03-16,9:15,completed,31,270.0
5206,24,2026-03-16,8:00,completed,10,500
5207,91,2026-03-16,14:00,completed,9,350
5208,183,2026-03-16,13:00,no_show,22,0
5209,152,2026-03-16,9:00,no_show,34,0
5210,29,2026-03-16,17:15,completed,15,300
5211,15,2026-03-16,14:00,completed,31,200
5212,152,2026-03-16,13:00,cancelled,13,0
5213,37,2026-03-16,10:45,no_show,5,0
5214,127,2026-03-16,10:30,completed,40,800
5215,51,2026-03-16,15:30,completed,19,500
5216,31,2026-03-16,9:15,no_show,28,0
5217,160,2026-03-16,8:30,completed,16,400
5218,50,2026-03-16,13:00,completed,13,800
5219,92,2026-03-16,15:00,completed,18,800
5220,11,2026-03-16,14:45,cancelled,26,0
5221,77,2026-03-16,16:00,completed,39,300
5222,77,2026-03-16,13:30,completed,25,315.0
5223,170,2026-03-16,11:30,completed,20,350
5224,12,2026-03-16,15:30,completed,24,400
5225,134,2026-03-16,15:00,completed,14,1200
5226,130,2026-03-16,16:00,completed,39,400
5227,64,2026-03-16,11:00,cancelled,34,0
5228,116,2026-03-16,10:15,completed,5,500
5229,95,2026-03-16,15:45,completed,27,1200
5230,139,2026-03-16,9:00,cancelled,32,0
5231,189,2026-03-16,13:45,cancelled,34,0
5232,115,2026-03-16,10:45,completed,22,1080.0
5233,61,2026-03-16,16:45,completed,9,800
5234,193,2026-03-16,13:30,completed,14,720.0
5235,64,2026-03-16,11:15,completed,16,1080.0
5236,29,2026-03-16,8:00,completed,36,180.0
5237,117,2026-03-16,11:30,completed,8,300
5238,133,2026-03-16,17:00,cancelled,6,0
5239,51,2026-03-16,15:45,completed,28,200
5240,2,2026-03-16,10:00,completed,39,500
5241,119,2026-03-16,11:45,completed,6,450.0
5242,56,2026-03-16,16:30,no_show,19,0
5243,56,2026-03-16,9:00,cancelled,9,0
5244,186,2026-03-16,13:15,completed,24,350
5245,56,2026-03-17,9:15,completed,16,1200
5246,5,2026-03-17,9:15,completed,14,350
5247,18,2026-03-17,15:15,completed,17,500
5248,121,2026-03-17,14:15,completed,19,270.0
5249,40,2026-03-17,15:30,completed,13,450.0
5250,125,2026-03-17,14:15,cancelled,37,0
5251,182,2026-03-17,15:15,completed,20,270.0
5252,10,2026-03-17,13:45,completed,36,1200
5253,74,2026-03-17,15:30,completed,6,800
5254,163,2026-03-17,10:45,completed,24,500
5255,58,2026-03-17,12:45,completed,18,350
5256,5,2026-03-17,13:30,completed,25,500
5257,54,2026-03-17,16:15,completed,37,1080.0
5258,29,2026-03-17,12:45,completed,13,500
5259,30,2026-03-17,13:45,completed,12,800
5260,160,2026-03-17,12:30,completed,37,500
5261,199,2026-03-17,14:30,completed,35,180.0
5262,140,2026-03-17,11:45,completed,5,315.0
5263,26,2026-03-17,10:45,completed,8,500
5264,160,2026-03-17,17:45,completed,38,800
5265,40,2026-03-17,8:00,completed,12,315.0
5266,60,2026-03-17,17:45,completed,10,1200
5267,160,2026-03-17,16:15,completed,6,300
5268,73,2026-03-17,17:00,completed,29,300
5269,11,2026-03-17,12:15,completed,24,800
5270,74,2026-03-17,12:30,completed,6,350
5271,5,2026-03-17,12:15,completed,39,500
5272,90,2026-03-17,8:45,completed,38,200
5273,198,2026-03-17,13:45,completed,15,400
5274,95,2026-03-17,14:45,completed,37,720.0
5275,56,2026-03-17,16:00,completed,23,350
5276,23,2026-03-17,11:00,completed,36,1080.0
5277,171,2026-03-17,15:45,completed,12,200
5278,112,2026-03-17,12:30,no_show,28,0
5279,156,2026-03-17,8:15,completed,9,800
5280,62,2026-03-17,9:30,completed,39,400
5281,169,2026-03-17,17:45,completed,27,1200
5282,122,2026-03-17,9:30,completed,25,400
5283,67,2026-03-17,13:30,no_show,36,0
5284,182,2026-03-17,13:30,completed,26,200
5285,191,2026-03-17,16:00,completed,7,315.0
5286,116,2026-03-17,10:00,completed,36,450.0
5287,161,2026-03-17,13:15,completed,21,500
5288,161,2026-03-17,12:00,cancelled,7,0
5289,12,2026-03-17,17:15,completed,24,400
5290,69,2026-03-17,9:00,no_show,32,0
5291,17,2026-03-17,16:30,completed,34,360.0
5292,102,2026-03-17,11:30,completed,30,350
5293,99,2026-03-17,8:15,completed,15,360.0
5294,118,2026-03-17,14:00,completed,12,270.0
5295,148,2026-03-17,11:45,completed,9,180.0
5296,156,2026-03-18,17:30,no_show,27,0
5297,39,2026-03-18,12:30,completed,5,500
5298,127,2026-03-18,15:30,completed,16,800
5299,19,2026-03-18,10:30,completed,17,270.0
5300,63,2026-03-18,8:00,cancelled,36,0
5301,174,2026-03-18,11:45,completed,5,500
5302,143,2026-03-18,10:00,completed,9,180.0
5303,151,2026-03-18,13:15,completed,12,1200
5304,25,2026-03-18,8:45,cancelled,17,0
5305,128,2026-03-18,15:00,no_show,39,0
5306,153,2026-03-18,12:30,completed,8,400
5307,192,2026-03-18,12:45,completed,5,360.0
5308,170,2026-03-18,17:30,cancelled,27,0
5309,18,2026-03-18,12:30,completed,11,1200
5310,80,2026-03-18,16:15,completed,29,400
5311,138,2026-03-18,15:15,no_show,23,0
5312,197,2026-03-18,8:15,completed,20,1200
5313,162,2026-03-18,8:45,completed,25,300
5314,111,2026-03-18,12:30,completed,24,360.0
5315,10,2026-03-18,10:45,completed,16,500
5316,57,2026-03-18,14:45,completed,22,315.0
5317,112,2026-03-18,16:45,no_show,17,0
5318,100,2026-03-18,8:15,completed,11,800
5319,19,2026-03-18,10:45,cancelled,32,0
5320,80,2026-03-18,13:15,completed,17,200
5321,102,2026-03-18,9:00,completed,14,1200
5322,67,2026-03-18,9:30,completed,40,360.0
5323,43,2026-03-18,9:45,completed,36,1200
5324,9,2026-03-18,12:45,no_show,39,0
5325,168,2026-03-18,12:00,completed,9,315.0
5326,13,2026-03-18,11:30,completed,31,300
5327,188,2026-03-18,12:00,completed,13,500
5328,153,2026-03-18,8:15,completed,31,1200
5329,112,2026-03-18,13:45,completed,17,200
5330,24,2026-03-18,8:00,completed,34,300
5331,44,2026-03-18,10:00,completed,40,200
5332,11,2026-03-18,12:45,cancelled,9,0
5333,63,2026-03-18,8:45,completed,24,400
5334,72,2026-03-18,10:15,completed,29,400
5335,46,2026-03-18,9:30,completed,11,360.0
5336,20,2026-03-18,10:00,completed,15,1200
5337,34,2026-03-18,8:15,completed,10,300
5338,67,2026-03-18,16:15,cancelled,6,0
5339,99,2026-03-18,8:00,completed,12,400
5340,186,2026-03-18,8:15,completed,9,800
5341,89,2026-03-18,16:15,completed,37,500
5342,57,2026-03-18,8:15,completed,33,1080.0
5343,58,2026-03-18,17:30,completed,17,800
5344,40,2026-03-18,15:45,completed,15,360.0
5345,158,2026-03-18,17:15,cancelled,17,0
5346,82,2026-03-18,15:30,completed,21,500
5347,192,2026-03-18,13:15,no_show,18,0
5348,64,2026-03-18,9:30,completed,19,1200
5349,110,2026-03-18,12:30,completed,12,200
5350,1,2026-03-18,9:00,cancelled,37,0
5351,64,2026-03-18,9:30,completed,14,300
5352,91,2026-03-18,17:15,completed,28,500
5353,176,2026-03-18,8:30,completed,26,350
5354,7,2026-03-18,9:30,no_show,39,0
5355,124,2026-03-18,11:45,completed,33,300
5356,103,2026-03-18,15:45,completed,30,200
5357,193,2026-03-18,9:00,completed,14,1200
5358,174,2026-03-19,16:15,completed,17,300
5359,117,2026-03-19,9:45,completed,17,350
5360,35,2026-03-19,12:30,completed,15,1200
5361,150,2026-03-19,17:45,completed,35,315.0
5362,19,2026-03-19,16:45,completed,20,300
5363,112,2026-03-19,8:30,completed,18,500
5364,80,2026-03-19,13:45,no_show,28,0
5365,68,2026-03-19,10:00,completed,27,400
5366,34,2026-03-19,13:15,no_show,36,0
5367,190,2026-03-19,11:30,completed,17,1200
5368,40,2026-03-19,8:45,completed,18,200
5369,122,2026-03-19,16:30,completed,40,720.0
5370,17,2026-03-19,11:00,completed,26,300
5371,152,2026-03-19,8:00,completed,18,450.0
5372,168,2026-03-19,14:45,completed,9,400
5373,27,2026-03-19,16:00,no_show,10,0
5374,153,2026-03-19,9:30,completed,18,720.0
5375,200,2026-03-19,16:45,completed,5,200
5376,133,2026-03-19,14:15,completed,28,300
5377,48,2026-03-19,10:30,completed,15,720.0
5378,81,2026-03-19,14:30,completed,7,1080.0
5379,138,2026-03-19,10:15,completed,13,1200
5380,45,2026-03-19,13:00,completed,27,300
5381,188,2026-03-19,13:00,completed,34,500
5382,194,2026-03-19,17:00,completed,35,1200
5383,43,2026-03-19,14:15,completed,8,500
5384,124,2026-03-19,15:00,completed,36,180.0
5385,29,2026-03-19,16:30,completed,34,300
5386,133,2026-03-19,9:00,completed,33,200
5387,79,2026-03-19,16:15,completed,14,500
5388,178,2026-03-19,14:15,no_show,38,0
5389,39,2026-03-19,17:30,completed,15,315.0
5390,177,2026-03-19,16:00,completed,11,1200
5391,90,2026-03-19,9:00,cancelled,27,0
5392,157,2026-03-19,16:30,completed,24,360.0
5393,151,2026-03-19,15:30,completed,8,400
5394,52,2026-03-19,14:45,completed,32,400
5395,15,2026-03-19,15:30,completed,11,400
5396,34,2026-03-19,10:45,completed,22,270.0
5397,150,2026-03-19,11:15,completed,12,800
5398,133,2026-03-19,10:30,completed,20,180.0
5399,144,2026-03-19,12:00,completed,36,1200
5400,6,2026-03-19,14:00,completed,37,1200
5401,107,2026-03-19,14:45,completed,5,200
5402,56,2026-03-19,8:45,completed,17,1200
5403,41,2026-03-19,13:00,no_show,16,0
5404,176,2026-03-19,12:15,completed,6,400
5405,79,2026-03-19,11:15,completed,23,350
5406,111,2026-03-19,16:30,completed,20,350
5407,46,2026-03-19,13:45,completed,36,180.0
5408,112,2026-03-19,16:30,completed,21,1080.0
5409,143,2026-03-19,14:45,completed,17,500
5410,200,2026-03-19,9:15,completed,30,1200
5411,138,2026-03-19,11:15,completed,30,400
5412,105,2026-03-19,17:45,completed,31,350
5413,56,2026-03-19,14:45,completed,9,350
5414,102,2026-03-19,8:00,completed,40,800
5415,168,2026-03-19,16:00,completed,18,500
5416,195,2026-03-19,9:00,no_show,6,0
5417,155,2026-03-19,17:45,completed,6,350
5418,70,2026-03-19,11:45,completed,29,300
5419,54,2026-03-19,11:45,completed,35,360.0
5420,88,2026-03-19,13:45,completed,12,500
5421,125,2026-03-19,11:00,completed,15,300
5422,113,2026-03-19,9:15,completed,17,300
5423,12,2026-03-19,17:30,completed,24,300
5424,70,2026-03-19,12:30,completed,19,450.0
5425,148,2026-03-19,9:45,completed,23,720.0
5426,132,2026-03-19,10:00,completed,27,1200
5427,109,2026-03-19,11:30,completed,23,1080.0
5428,130,2026-03-19,9:00,completed,30,500
5429,39,2026-03-19,13:45,completed,15,350
5430,56,2026-03-19,11:15,completed,33,315.0
5431,167,2026-03-19,10:45,completed,11,800
5432,89,2026-03-19,9:00,no_show,14,0
5433,146,2026-03-19,8:15,cancelled,37,0
5434,125,2026-03-20,15:30,completed,36,800
5435,148,2026-03-20,11:45,completed,14,1200
5436,75,2026-03-20,11:00,completed,33,300
5437,92,2026-03-20,15:15,no_show,26,0
5438,132,2026-03-20,15:00,completed,21,500
5439,56,2026-03-20,9:00,completed,38,300
5440,117,2026-03-20,10:15,completed,17,800
5441,86,2026-03-20,9:15,completed,9,315.0
5442,7,2026-03-20,12:15,completed,11,200
5443,117,2026-03-20,15:30,completed,32,720.0
5444,127,2026-03-20,17:30,completed,22,350
5445,102,2026-03-20,15:15,completed,26,315.0
5446,53,2026-03-20,9:00,completed,9,1080.0
5447,10,2026-03-20,13:45,completed,10,500
5448,17,2026-03-20,10:00,no_show,34,0
5449,112,2026-03-20,13:15,completed,9,500
5450,32,2026-03-20,13:00,completed,13,350
5451,71,2026-03-20,8:45,completed,35,500
5452,14,2026-03-20,15:30,completed,16,300
5453,107,2026-03-20,16:15,completed,37,360.0
5454,154,2026-03-20,9:30,completed,22,200
5455,7,2026-03-20,11:00,completed,39,800
5456,169,2026-03-20,9:45,completed,5,400
5457,43,2026-03-20,11:30,completed,39,315.0
5458,1,2026-03-20,17:00,completed,36,1200
5459,55,2026-03-20,10:45,completed,20,500
5460,57,2026-03-20,10:00,completed,23,200
5461,102,2026-03-20,13:00,completed,13,400
5462,53,2026-03-20,14:30,cancelled,11,0
5463,108,2026-03-20,9:45,cancelled,25,0
5464,182,2026-03-20,11:45,cancelled,40,0
5465,90,2026-03-20,17:30,completed,29,350
5466,70,2026-03-20,8:15,completed,16,500
5467,187,2026-03-20,8:00,completed,40,720.0
5468,70,2026-03-20,16:00,completed,23,350
5469,130,2026-03-20,15:00,completed,18,200
5470,69,2026-03-20,8:30,completed,31,300
5471,119,2026-03-20,8:15,no_show,14,0
5472,77,2026-03-20,14:45,completed,16,350
5473,21,2026-03-20,16:45,completed,26,200
5474,119,2026-03-20,14:30,cancelled,25,0
5475,22,2026-03-20,14:45,completed,28,350
5476,1,2026-03-20,10:30,completed,37,400
5477,184,2026-03-20,13:00,completed,19,720.0
5478,123,2026-03-20,9:15,completed,38,1200
5479,148,2026-03-20,13:45,completed,23,1200
5480,166,2026-03-20,10:00,completed,22,350
5481,197,2026-03-20,8:30,completed,25,800
5482,146,2026-03-20,17:45,completed,29,315.0
5483,47,2026-03-20,17:00,completed,26,300
5484,154,2026-03-20,11:15,completed,12,300
5485,105,2026-03-20,11:00,cancelled,12,0
5486,183,2026-03-20,11:00,completed,38,400
5487,98,2026-03-20,15:30,completed,36,180.0
5488,57,2026-03-20,16:15,completed,27,500
5489,83,2026-03-20,11:00,completed,39,200
5490,36,2026-03-20,17:15,completed,34,500
5491,32,2026-03-20,10:30,completed,39,500
5492,184,2026-03-20,9:00,completed,31,270.0
5493,6,2026-03-20,16:15,completed,28,300
5494,103,2026-03-20,8:00,completed,19,200
5495,4,2026-03-20,8:30,completed,19,500
5496,9,2026-03-20,12:00,completed,29,720.0
5497,27,2026-03-20,10:00,no_show,37,0
5498,64,2026-03-20,14:30,completed,35,500
5499,26,2026-03-20,14:30,no_show,30,0
5500,16,2026-03-20,9:15,completed,24,800
5501,7,2026-03-20,9:30,no_show,5,0
5502,147,2026-03-20,13:30,completed,26,800
5503,120,2026-03-20,17:45,completed,38,500
5504,127,2026-03-20,16:30,no_show,19,0
5505,119,2026-03-20,14:00,no_show,28,0
5506,1,2026-03-21,14:30,completed,12,800
5507,128,2026-03-21,10:45,completed,7,300
5508,71,2026-03-21,12:30,completed,37,450.0
5509,46,2026-03-21,11:00,completed,23,315.0
5510,7,2026-03-21,17:45,completed,18,500
5511,71,2026-03-21,15:00,completed,7,500
5512,40,2026-03-21,8:15,completed,26,350
5513,12,2026-03-21,14:45,completed,21,800
5514,35,2026-03-21,15:15,cancelled,31,0
5515,37,2026-03-21,14:45,completed,12,350
5516,10,2026-03-21,14:30,completed,34,500
5517,67,2026-03-21,17:00,completed,25,350
5518,97,2026-03-21,12:30,completed,34,400
5519,25,2026-03-21,13:00,completed,17,500
5520,76,2026-03-21,14:30,completed,37,450.0
5521,52,2026-03-21,9:00,completed,20,1200
5522,172,2026-03-21,16:00,completed,27,400
5523,93,2026-03-21,16:30,completed,35,180.0
5524,188,2026-03-21,13:45,completed,5,500
5525,6,2026-03-21,15:15,completed,26,200
5526,139,2026-03-21,15:15,completed,32,800
5527,103,2026-03-21,16:45,completed,25,200
5528,15,2026-03-21,17:15,completed,9,800
5529,101,2026-03-21,17:15,completed,19,350
5530,172,2026-03-21,8:15,completed,6,450.0
5531,149,2026-03-21,17:00,completed,14,500
5532,28,2026-03-21,9:30,completed,27,500
5533,162,2026-03-21,10:30,completed,9,350
5534,52,2026-03-21,16:00,completed,30,315.0
5535,151,2026-03-21,15:30,completed,6,350
5536,41,2026-03-21,8:45,no_show,19,0
5537,97,2026-03-21,14:15,completed,39,450.0
5538,20,2026-03-21,17:45,completed,23,300
5539,26,2026-03-21,16:00,completed,13,400
5540,59,2026-03-21,11:15,completed,10,270.0
5541,128,2026-03-21,15:45,completed,30,500
5542,93,2026-03-21,17:30,completed,37,500
5543,118,2026-03-21,12:15,completed,32,360.0
5544,189,2026-03-21,12:15,completed,11,315.0
5545,73,2026-03-21,16:45,completed,8,800
5546,122,2026-03-21,16:00,cancelled,13,0
5547,78,2026-03-21,9:30,completed,22,1200
5548,149,2026-03-21,8:45,completed,40,500
5549,152,2026-03-21,12:30,completed,13,200
5550,104,2026-03-21,9:15,no_show,11,0
5551,54,2026-03-21,17:45,completed,35,450.0
5552,161,2026-03-21,11:45,completed,8,500
5553,51,2026-03-21,11:45,completed,21,315.0
5554,15,2026-03-21,13:30,no_show,31,0
5555,88,2026-03-21,10:30,completed,8,400
5556,110,2026-03-21,12:30,completed,18,315.0
5557,199,2026-03-21,14:00,completed,17,1200
5558,189,2026-03-21,16:00,completed,8,800
5559,183,2026-03-21,9:00,cancelled,20,0
5560,92,2026-03-21,16:30,completed,18,1200
5561,137,2026-03-21,13:45,no_show,17,0
5562,114,2026-03-21,9:45,completed,5,800
5563,90,2026-03-21,9:00,completed,22,1200
5564,65,2026-03-21,9:45,completed,24,200
5565,166,2026-03-21,8:45,cancelled,40,0
5566,79,2026-03-21,8:30,completed,7,500
5567,5,2026-03-21,13:00,completed,21,350
5568,192,2026-03-21,13:45,no_show,30,0
5569,171,2026-03-21,9:15,completed,29,400
5570,6,2026-03-21,8:45,completed,24,450.0
5571,119,2026-03-21,14:30,completed,14,350
5572,39,2026-03-21,14:45,completed,15,350
5573,156,2026-03-21,10:15,completed,22,180.0
5574,23,2026-03-21,8:00,completed,10,500
5575,35,2026-03-21,8:00,completed,27,1200
5576,147,2026-03-21,13:15,completed,32,200
5577,92,2026-03-21,11:45,completed,27,800
5578,54,2026-03-21,12:30,completed,31,350
5579,4,2026-03-22,14:30,completed,10,1200
5580,67,2026-03-22,13:45,completed,17,180.0
5581,184,2026-03-22,15:45,completed,28,500
5582,50,2026-03-22,15:15,completed,31,200
5583,151,2026-03-22,14:00,no_show,28,0
5584,58,2026-03-22,17:00,completed,22,200
5585,167,2026-03-22,10:45,completed,31,1200
5586,174,2026-03-22,13:00,completed,35,400
5587,114,2026-03-22,11:15,completed,5,1200
5588,1,2026-03-22,9:45,completed,26,1200
5589,157,2026-03-22,9:45,cancelled,32,0
5590,33,2026-03-22,16:00,no_show,10,0
5591,98,2026-03-22,12:15,completed,40,200
5592,195,2026-03-22,9:30,completed,19,500
5593,34,2026-03-22,12:30,completed,31,500
5594,141,2026-03-22,8:00,completed,28,200
5595,13,2026-03-22,8:45,completed,13,1200
5596,78,2026-03-22,17:30,completed,27,200
5597,60,2026-03-22,13:45,completed,13,500
5598,76,2026-03-22,9:15,cancelled,30,0
5599,6,2026-03-22,12:30,completed,33,800
5600,52,2026-03-22,10:00,completed,36,200
5601,125,2026-03-22,12:45,completed,36,500
5602,142,2026-03-22,12:30,completed,26,300
5603,3,2026-03-22,15:15,completed,27,270.0
5604,37,2026-03-22,16:00,completed,12,400
5605,20,2026-03-22,16:15,completed,22,1200
5606,71,2026-03-22,14:30,completed,30,200
5607,10,2026-03-22,13:15,cancelled,30,0
5608,41,2026-03-22,8:15,completed,19,1200
5609,4,2026-03-22,12:15,completed,6,300
5610,44,2026-03-22,8:15,no_show,14,0
5611,29,2026-03-22,12:30,completed,24,500
5612,113,2026-03-22,17:45,completed,24,800
5613,198,2026-03-22,8:45,completed,12,350
5614,107,2026-03-22,10:15,no_show,5,0
5615,170,2026-03-22,10:00,completed,7,350
5616,166,2026-03-22,17:00,completed,38,800
5617,139,2026-03-22,12:00,completed,37,1080.0
5618,180,2026-03-22,14:30,completed,10,1200
5619,199,2026-03-22,14:15,cancelled,22,0
5620,91,2026-03-22,9:15,completed,30,315.0
5621,84,2026-03-22,14:15,completed,35,800
5622,134,2026-03-22,17:30,completed,36,350
5623,62,2026-03-22,9:30,completed,20,450.0
5624,133,2026-03-22,17:45,completed,7,400
5625,118,2026-03-22,17:00,completed,30,500
5626,78,2026-03-22,16:45,completed,22,350
5627,196,2026-03-22,17:15,no_show,35,0
5628,108,2026-03-22,17:00,cancelled,31,0
5629,135,2026-03-22,13:30,completed,13,400
5630,9,2026-03-22,17:00,cancelled,12,0
5631,75,2026-03-22,15:00,completed,33,500
5632,65,2026-03-22,15:00,completed,23,1080.0
5633,164,2026-03-22,12:45,completed,8,300
5634,24,2026-03-22,8:30,completed,18,300
5635,82,2026-03-22,14:15,completed,9,500
5636,25,2026-03-22,17:15,no_show,39,0
5637,60,2026-03-22,14:30,completed,28,400
5638,153,2026-03-22,15:30,completed,19,800
5639,2,2026-03-22,16:00,completed,31,500
5640,74,2026-03-22,8:30,no_show,11,0
5641,34,2026-03-22,13:45,completed,32,200
5642,111,2026-03-22,12:15,completed,29,1080.0
5643,143,2026-03-22,11:15,completed,21,1200
5644,120,2026-03-22,14:00,no_show,30,0
5645,122,2026-03-22,11:30,completed,14,400
5646,133,2026-03-22,11:00,completed,20,1200
5647,107,2026-03-22,10:15,completed,29,180.0
5648,162,2026-03-22,14:30,completed,33,300
5649,88,2026-03-22,15:30,cancelled,29,0
5650,181,2026-03-22,14:45,no_show,23,0
5651,24,2026-03-22,10:15,completed,31,1080.0
5652,149,2026-03-22,15:15,no_show,38,0
5653,60,2026-03-22,12:15,completed,13,720.0
5654,28,2026-03-22,13:45,completed,34,800
5655,195,2026-03-22,14:15,completed,39,1200
5656,18,2026-03-22,11:30,completed,6,800
5657,133,2026-03-23,15:45,completed,23,400
5658,30,2026-03-23,12:00,cancelled,10,0
5659,23,2026-03-23,17:15,cancelled,11,0
5660,49,2026-03-23,17:15,cancelled,18,0
5661,158,2026-03-23,10:30,completed,33,350
5662,89,2026-03-23,13:00,completed,19,1080.0
5663,41,2026-03-23,8:45,completed,23,315.0
5664,28,2026-03-23,8:15,completed,17,200
5665,181,2026-03-23,14:15,completed,8,720.0
5666,102,2026-03-23,14:45,no_show,24,0
5667,71,2026-03-23,8:15,completed,32,180.0
5668,104,2026-03-23,13:00,completed,10,350
5669,93,2026-03-23,13:30,completed,31,350
5670,31,2026-03-23,9:30,cancelled,22,0
5671,53,2026-03-23,10:30,completed,40,400
5672,92,2026-03-23,9:30,completed,35,720.0
5673,20,2026-03-23,10:30,completed,24,350
5674,48,2026-03-23,8:15,completed,36,180.0
5675,39,2026-03-23,10:00,completed,13,800
5676,42,2026-03-23,8:15,completed,23,180.0
5677,94,2026-03-23,15:00,completed,21,300
5678,17,2026-03-23,8:30,completed,37,315.0
5679,56,2026-03-23,10:00,completed,7,1200
5680,49,2026-03-23,15:00,completed,23,300
5681,116,2026-03-23,10:15,completed,32,450.0
5682,114,2026-03-23,9:00,completed,30,350
5683,58,2026-03-23,9:30,cancelled,31,0
5684,125,2026-03-23,11:45,completed,33,200
5685,194,2026-03-23,8:00,completed,36,200
5686,131,2026-03-23,17:45,completed,15,400
5687,78,2026-03-23,17:45,completed,32,1080.0
5688,107,2026-03-23,10:30,completed,24,270.0
5689,27,2026-03-23,16:00,completed,33,200
5690,74,2026-03-23,9:15,completed,38,720.0
5691,104,2026-03-23,12:15,completed,30,200
5692,135,2026-03-23,14:00,completed,21,720.0
5693,143,2026-03-23,12:00,completed,30,300
5694,85,2026-03-23,14:15,completed,10,720.0
5695,61,2026-03-23,11:30,completed,32,350
5696,93,2026-03-23,17:45,completed,28,360.0
5697,58,2026-03-23,16:30,completed,23,800
5698,125,2026-03-23,10:45,completed,17,315.0
5699,102,2026-03-23,11:15,completed,18,360.0
5700,33,2026-03-23,17:15,completed,33,800
5701,149,2026-03-23,11:30,completed,23,1080.0
5702,90,2026-03-23,17:30,completed,33,350
5703,101,2026-03-23,16:15,completed,6,300
5704,39,2026-03-23,11:15,completed,24,500
5705,50,2026-03-23,8:30,completed,5,800
5706,78,2026-03-23,14:00,no_show,23,0
5707,2,2026-03-23,13:00,no_show,39,0
5708,88,2026-03-23,14:30,completed,7,350
5709,137,2026-03-23,9:15,completed,8,300
5710,32,2026-03-23,15:15,completed,12,300
5711,168,2026-03-23,8:30,completed,31,1200
5712,73,2026-03-23,16:15,completed,31,300
5713,131,2026-03-23,9:00,completed,13,1080.0
5714,2,2026-03-23,16:30,completed,21,800
5715,159,2026-03-23,9:15,completed,12,800
5716,148,2026-03-23,8:00,completed,39,350
5717,104,2026-03-23,15:30,no_show,19,0
5718,53,2026-03-23,15:45,completed,40,350
5719,95,2026-03-23,14:00,completed,5,500
5720,84,2026-03-23,15:45,completed,21,450.0
5721,107,2026-03-23,15:15,completed,15,800
5722,75,2026-03-23,10:15,completed,30,360.0
5723,112,2026-03-23,11:00,completed,11,300
5724,40,2026-03-23,16:00,completed,39,315.0
5725,144,2026-03-23,11:45,completed,40,300
5726,122,2026-03-23,9:15,completed,40,720.0
5727,198,2026-03-23,13:30,completed,29,400
5728,183,2026-03-23,16:30,completed,34,300
5729,120,2026-03-23,10:00,completed,28,800
5730,125,2026-03-23,12:45,completed,14,720.0
5731,154,2026-03-23,15:00,completed,31,500
5732,39,2026-03-23,17:45,completed,32,500
5733,137,2026-03-23,15:00,completed,5,300
5734,81,2026-03-23,10:30,no_show,7,0
5735,79,2026-03-23,13:00,completed,13,270.0
5736,104,2026-03-23,14:00,no_show,39,0
5737,118,2026-03-23,8:45,completed,29,400
5738,116,2026-03-23,13:45,completed,7,500
5739,37,2026-03-23,13:30,no_show,38,0
5740,31,2026-03-23,15:00,completed,6,315.0
5741,137,2026-03-23,16:15,completed,21,350
